MonitoringLocationName,MonitoringLocationID,ActivityType,ActivityMediaName,ActivityStartDate,CharacteristicName,ResultSampleFraction,ResultValue,ResultUnit,ResultValueType
Lake Ontario,35,Field Msr/Obs,Surface Water,2022-04-26,"Temperature, water",,6,deg C,Actual
Lake Ontario,35,Field Msr/Obs,Surface Water,2023-04-14,"Temperature, water",,6,deg C,Actual
Lake Erie,965,Field Msr/Obs,Surface Water,2022-08-19,"Temperature, water",,24,deg C,Actual
Lake Erie,965,Field Msr/Obs,Surface Water,2023-05-16,"Temperature, water",,13,deg C,Actual
Lake Erie,965,Field Msr/Obs,Surface Water,2024-08-13,"Temperature, water",,24.8,deg C,Actual
Lake Erie,445,Field Msr/Obs,Surface Water,2022-08-15,"Temperature, water",,24,deg C,Actual
Lake Erie,445,Field Msr/Obs,Surface Water,2023-05-11,"Temperature, water",,9.5,deg C,Actual
Lake Erie,445,Field Msr/Obs,Surface Water,2024-08-21,"Temperature, water",,22,deg C,Actual
Lake Huron,83,Field Msr/Obs,Surface Water,2022-09-15,"Temperature, water",,19,deg C,Actual
Lake Huron,83,Field Msr/Obs,Surface Water,2022-06-04,"Temperature, water",,6.5,deg C,Actual
Lake Huron,83,Field Msr/Obs,Surface Water,2024-09-06,"Temperature, water",,18,deg C,Actual
Lake Ontario,29,Field Msr/Obs,Surface Water,2022-04-20,"Temperature, water",,5.5,deg C,Actual
Lake Erie,971,Field Msr/Obs,Surface Water,2022-08-20,"Temperature, water",,24,deg C,Actual
Lake Erie,971,Field Msr/Obs,Surface Water,2023-05-16,"Temperature, water",,14,deg C,Actual
Lake Erie,971,Field Msr/Obs,Surface Water,2024-08-14,"Temperature, water",,23,deg C,Actual
Lake Erie,971,Field Msr/Obs,Surface Water,2024-04-17,"Temperature, water",,9.31,deg C,Actual
Lake Ontario,21,Field Msr/Obs,Surface Water,2022-04-26,"Temperature, water",,7,deg C,Actual
Lake Ontario,21,Field Msr/Obs,Surface Water,2023-04-14,"Temperature, water",,6,deg C,Actual
Lake Ontario,60,Field Msr/Obs,Surface Water,2022-04-24,"Temperature, water",,4,deg C,Actual
Lake Ontario,60,Field Msr/Obs,Surface Water,2023-04-15,"Temperature, water",,3,deg C,Actual
Lake Ontario,43,Field Msr/Obs,Surface Water,2022-04-21,"Temperature, water",,5.5,deg C,Actual
Lake Ontario,43,Field Msr/Obs,Surface Water,2023-04-17,"Temperature, water",,6,deg C,Actual
Lake Ontario,62,Field Msr/Obs,Surface Water,2023-04-17,"Temperature, water",,6.5,deg C,Actual
Lake Huron,89,Field Msr/Obs,Surface Water,2022-09-15,"Temperature, water",,19.5,deg C,Actual
Lake Huron,89,Field Msr/Obs,Surface Water,2024-09-06,"Temperature, water",,19,deg C,Actual
Lake Ontario,47,Field Msr/Obs,Surface Water,2022-04-22,"Temperature, water",,4.5,deg C,Actual
Lake Ontario,47,Field Msr/Obs,Surface Water,2023-04-17,"Temperature, water",,6.75,deg C,Actual
Lake Huron,76,Field Msr/Obs,Surface Water,2022-09-15,"Temperature, water",,17.9,deg C,Actual
Lake Huron,76,Field Msr/Obs,Surface Water,2024-09-06,"Temperature, water",,18,deg C,Actual
Lake Ontario,42,Field Msr/Obs,Surface Water,2022-04-21,"Temperature, water",,3,deg C,Actual
Lake Ontario,42,Field Msr/Obs,Surface Water,2023-04-17,"Temperature, water",,4,deg C,Actual
Georgian Bay,12,Field Msr/Obs,Surface Water,2022-09-13,"Temperature, water",,20.5,deg C,Actual
Georgian Bay,12,Field Msr/Obs,Surface Water,2024-09-08,"Temperature, water",,18.5,deg C,Actual
Lake Superior,115,Field Msr/Obs,Surface Water,2024-09-15,"Temperature, water",,17,deg C,Actual
Lake Huron,13,Field Msr/Obs,Surface Water,2022-05-31,"Temperature, water",,11.5,deg C,Actual
Lake Huron,13,Field Msr/Obs,Surface Water,2022-09-20,"Temperature, water",,21,deg C,Actual
Lake Huron,13,Field Msr/Obs,Surface Water,2024-08-27,"Temperature, water",,22.5,deg C,Actual
Lake Ontario,27,Field Msr/Obs,Surface Water,2022-04-20,"Temperature, water",,3.6,deg C,Actual
Lake Ontario,75,Field Msr/Obs,Surface Water,2022-04-23,"Temperature, water",,5.5,deg C,Actual
Lake Ontario,75,Field Msr/Obs,Surface Water,2023-04-16,"Temperature, water",,10,deg C,Actual
Georgian Bay,1,Field Msr/Obs,Surface Water,2022-06-06,"Temperature, water",,7.5,deg C,Actual
Georgian Bay,1,Field Msr/Obs,Surface Water,2022-09-13,"Temperature, water",,20.3,deg C,Actual
Georgian Bay,1,Field Msr/Obs,Surface Water,2024-09-08,"Temperature, water",,19.5,deg C,Actual
Lake Huron,12,Field Msr/Obs,Surface Water,2022-09-21,"Temperature, water",,21,deg C,Actual
Lake Huron,12,Field Msr/Obs,Surface Water,2024-08-30,"Temperature, water",,21.5,deg C,Actual
Lake Superior,212,Field Msr/Obs,Surface Water,2024-06-12,"Temperature, water",,12,deg C,Actual
Lake Superior,212,Field Msr/Obs,Surface Water,2024-09-18,"Temperature, water",,17.5,deg C,Actual
Lake Erie,888,Field Msr/Obs,Surface Water,2022-08-18,"Temperature, water",,24.5,deg C,Actual
Lake Erie,888,Field Msr/Obs,Surface Water,2023-05-19,"Temperature, water",,10.5,deg C,Actual
Lake Erie,888,Field Msr/Obs,Surface Water,2024-08-23,"Temperature, water",,22.5,deg C,Actual
Lake Erie,888,Field Msr/Obs,Surface Water,2024-04-18,"Temperature, water",,6.25,deg C,Actual
Lake Erie,941,Field Msr/Obs,Surface Water,2022-08-16,"Temperature, water",,24,deg C,Actual
Lake Erie,941,Field Msr/Obs,Surface Water,2023-05-09,"Temperature, water",,10,deg C,Actual
Lake Erie,941,Field Msr/Obs,Surface Water,2024-08-22,"Temperature, water",,22,deg C,Actual
Lake Huron,48,Field Msr/Obs,Surface Water,2022-09-18,"Temperature, water",,19,deg C,Actual
Lake Huron,48,Field Msr/Obs,Surface Water,2022-06-07,"Temperature, water",,3.5,deg C,Actual
Lake Huron,48,Field Msr/Obs,Surface Water,2024-08-29,"Temperature, water",,19,deg C,Actual
Lake Huron,5,Field Msr/Obs,Surface Water,2022-09-21,"Temperature, water",,21,deg C,Actual
Lake Huron,5,Field Msr/Obs,Surface Water,2024-08-28,"Temperature, water",,21.5,deg C,Actual
Lake Ontario,58,Field Msr/Obs,Surface Water,2022-04-24,"Temperature, water",,3.5,deg C,Actual
Lake Ontario,58,Field Msr/Obs,Surface Water,2023-04-15,"Temperature, water",,4,deg C,Actual
Lake Huron,84,Field Msr/Obs,Surface Water,2022-09-15,"Temperature, water",,19,deg C,Actual
Lake Huron,84,Field Msr/Obs,Surface Water,2022-06-04,"Temperature, water",,9,deg C,Actual
Lake Huron,84,Field Msr/Obs,Surface Water,2024-09-05,"Temperature, water",,17.5,deg C,Actual
Lake Superior,189,Field Msr/Obs,Surface Water,2024-09-17,"Temperature, water",,19,deg C,Actual
Lake Superior,189,Field Msr/Obs,Surface Water,2024-06-11,"Temperature, water",,8.5,deg C,Actual
Lake Erie,950,Field Msr/Obs,Surface Water,2022-08-17,"Temperature, water",,23,deg C,Actual
Lake Huron,23,Field Msr/Obs,Surface Water,2022-06-01,"Temperature, water",,11,deg C,Actual
Lake Huron,23,Field Msr/Obs,Surface Water,2022-09-19,"Temperature, water",,17.5,deg C,Actual
Lake Huron,23,Field Msr/Obs,Surface Water,2024-08-27,"Temperature, water",,21,deg C,Actual
Lake Erie,952,Field Msr/Obs,Surface Water,2022-08-18,"Temperature, water",,22.5,deg C,Actual
Lake Erie,952,Field Msr/Obs,Surface Water,2023-05-12,"Temperature, water",,10,deg C,Actual
Lake Huron,96,Field Msr/Obs,Surface Water,2022-09-20,"Temperature, water",,20,deg C,Actual
Lake Huron,96,Field Msr/Obs,Surface Water,2024-08-27,"Temperature, water",,22,deg C,Actual
Lake Ontario,726,Field Msr/Obs,Surface Water,2022-04-20,"Temperature, water",,6.5,deg C,Actual
Lake Ontario,726,Field Msr/Obs,Surface Water,2023-04-18,"Temperature, water",,9,deg C,Actual
Lake Erie,947,Field Msr/Obs,Surface Water,2022-08-17,"Temperature, water",,23.8,deg C,Actual
Lake Erie,947,Field Msr/Obs,Surface Water,2023-05-11,"Temperature, water",,11,deg C,Actual
Lake Erie,947,Field Msr/Obs,Surface Water,2024-08-22,"Temperature, water",,22.5,deg C,Actual
Lake Ontario,89,Field Msr/Obs,Surface Water,2022-04-23,"Temperature, water",,3.5,deg C,Actual
Lake Ontario,89,Field Msr/Obs,Surface Water,2023-04-16,"Temperature, water",,4.5,deg C,Actual
Lake Huron,60,Field Msr/Obs,Surface Water,2022-09-16,"Temperature, water",,18.2,deg C,Actual
Lake Huron,60,Field Msr/Obs,Surface Water,2024-09-06,"Temperature, water",,15,deg C,Actual
Lake Ontario,25,Field Msr/Obs,Surface Water,2022-04-20,"Temperature, water",,3.5,deg C,Actual
Lake Huron,11,Field Msr/Obs,Surface Water,2022-09-21,"Temperature, water",,21,deg C,Actual
Lake Huron,11,Field Msr/Obs,Surface Water,2024-08-28,"Temperature, water",,22,deg C,Actual
Lake Ontario,67,Field Msr/Obs,Surface Water,2022-04-24,"Temperature, water",,3.5,deg C,Actual
Lake Ontario,67,Field Msr/Obs,Surface Water,2023-04-16,"Temperature, water",,4.5,deg C,Actual
Georgian Bay,29,Field Msr/Obs,Surface Water,2022-09-14,"Temperature, water",,19,deg C,Actual
Georgian Bay,29,Field Msr/Obs,Surface Water,2022-06-05,"Temperature, water",,9.5,deg C,Actual
Georgian Bay,29,Field Msr/Obs,Surface Water,2024-09-07,"Temperature, water",,17.5,deg C,Actual
Lake Superior,139,Field Msr/Obs,Surface Water,2024-06-14,"Temperature, water",,11,deg C,Actual
Lake Superior,139,Field Msr/Obs,Surface Water,2024-09-19,"Temperature, water",,17.5,deg C,Actual
Lake Huron,64,Field Msr/Obs,Surface Water,2022-09-16,"Temperature, water",,18.5,deg C,Actual
Lake Huron,64,Field Msr/Obs,Surface Water,2022-06-03,"Temperature, water",,9,deg C,Actual
Lake Huron,64,Field Msr/Obs,Surface Water,2024-09-05,"Temperature, water",,19,deg C,Actual
Lake Superior,50,Field Msr/Obs,Surface Water,2024-06-09,"Temperature, water",,9.3,deg C,Actual
Lake Superior,50,Field Msr/Obs,Surface Water,2024-09-14,"Temperature, water",,17.5,deg C,Actual
Lake Huron,67,Field Msr/Obs,Surface Water,2022-06-03,"Temperature, water",,11,deg C,Actual
Lake Huron,67,Field Msr/Obs,Surface Water,2022-09-16,"Temperature, water",,18.5,deg C,Actual
Lake Huron,67,Field Msr/Obs,Surface Water,2024-09-05,"Temperature, water",,15.5,deg C,Actual
Lake Ontario,9,Field Msr/Obs,Surface Water,2022-04-20,"Temperature, water",,4.2,deg C,Actual
Lake Huron,20,Field Msr/Obs,Surface Water,2022-09-20,"Temperature, water",,20,deg C,Actual
Lake Huron,20,Field Msr/Obs,Surface Water,2024-08-27,"Temperature, water",,21,deg C,Actual
Lake Huron,40,Field Msr/Obs,Surface Water,2022-09-19,"Temperature, water",,20,deg C,Actual
Lake Huron,40,Field Msr/Obs,Surface Water,2024-08-29,"Temperature, water",,19.5,deg C,Actual
Lake Ontario,66,Field Msr/Obs,Surface Water,2022-04-24,"Temperature, water",,5,deg C,Actual
Lake Ontario,66,Field Msr/Obs,Surface Water,2023-04-15,"Temperature, water",,10,deg C,Actual
Lake Erie,886,Field Msr/Obs,Surface Water,2022-08-16,"Temperature, water",,24,deg C,Actual
Lake Erie,886,Field Msr/Obs,Surface Water,2023-05-09,"Temperature, water",,8,deg C,Actual
Lake Erie,886,Field Msr/Obs,Surface Water,2024-08-19,"Temperature, water",,22.5,deg C,Actual
Lake Huron,52,Field Msr/Obs,Surface Water,2022-09-18,"Temperature, water",,19,deg C,Actual
Lake Huron,52,Field Msr/Obs,Surface Water,2024-09-06,"Temperature, water",,16.5,deg C,Actual
Lake Erie,954,Field Msr/Obs,Surface Water,2022-08-18,"Temperature, water",,24.5,deg C,Actual
Lake Erie,954,Field Msr/Obs,Surface Water,2023-05-18,"Temperature, water",,11,deg C,Actual
Lake Erie,954,Field Msr/Obs,Surface Water,2024-08-15,"Temperature, water",,24,deg C,Actual
Lake Ontario,725,Field Msr/Obs,Surface Water,2022-04-20,"Temperature, water",,6,deg C,Actual
Lake Ontario,725,Field Msr/Obs,Surface Water,2023-04-18,"Temperature, water",,9.5,deg C,Actual
Georgian Bay,46,Field Msr/Obs,Surface Water,2022-09-15,"Temperature, water",,18.9,deg C,Actual
Georgian Bay,46,Field Msr/Obs,Surface Water,2024-09-07,"Temperature, water",,17,deg C,Actual
Lake Huron,69,Field Msr/Obs,Surface Water,2022-06-03,"Temperature, water",,13.8,deg C,Actual
Lake Huron,69,Field Msr/Obs,Surface Water,2022-09-16,"Temperature, water",,18.5,deg C,Actual
Lake Huron,69,Field Msr/Obs,Surface Water,2024-09-05,"Temperature, water",,19,deg C,Actual
Lake Huron,65,Field Msr/Obs,Surface Water,2022-09-16,"Temperature, water",,18.5,deg C,Actual
Lake Huron,65,Field Msr/Obs,Surface Water,2024-09-05,"Temperature, water",,19,deg C,Actual
Lake Huron,70,Field Msr/Obs,Surface Water,2022-06-03,"Temperature, water",,11,deg C,Actual
Lake Huron,70,Field Msr/Obs,Surface Water,2022-09-15,"Temperature, water",,18.5,deg C,Actual
Lake Huron,70,Field Msr/Obs,Surface Water,2024-09-05,"Temperature, water",,19,deg C,Actual
Lake Superior,92,Field Msr/Obs,Surface Water,2024-06-17,"Temperature, water",,5,deg C,Actual
Lake Superior,92,Field Msr/Obs,Surface Water,2024-09-23,"Temperature, water",,16.5,deg C,Actual
Lake Huron,77,Field Msr/Obs,Surface Water,2022-09-15,"Temperature, water",,17.5,deg C,Actual
Lake Huron,77,Field Msr/Obs,Surface Water,2024-09-06,"Temperature, water",,18,deg C,Actual
Georgian Bay,6,Field Msr/Obs,Surface Water,2022-09-13,"Temperature, water",,21,deg C,Actual
Georgian Bay,6,Field Msr/Obs,Surface Water,2022-06-05,"Temperature, water",,8,deg C,Actual
Georgian Bay,6,Field Msr/Obs,Surface Water,2024-09-09,"Temperature, water",,18.5,deg C,Actual
Lake Ontario,45,Field Msr/Obs,Surface Water,2022-04-22,"Temperature, water",,3,deg C,Actual
Lake Ontario,45,Field Msr/Obs,Surface Water,2023-04-17,"Temperature, water",,3,deg C,Actual
Lake Erie,974,Field Msr/Obs,Surface Water,2022-08-20,"Temperature, water",,24.5,deg C,Actual
Lake Erie,974,Field Msr/Obs,Surface Water,2023-05-16,"Temperature, water",,14.5,deg C,Actual
Lake Erie,974,Field Msr/Obs,Surface Water,2024-08-14,"Temperature, water",,24,deg C,Actual
Lake Erie,974,Field Msr/Obs,Surface Water,2024-04-17,"Temperature, water",,10.19,deg C,Actual
Lake Erie,67,Field Msr/Obs,Surface Water,2022-08-15,"Temperature, water",,23.5,deg C,Actual
Lake Erie,67,Field Msr/Obs,Surface Water,2023-05-08,"Temperature, water",,11,deg C,Actual
Lake Erie,67,Field Msr/Obs,Surface Water,2024-08-21,"Temperature, water",,20.5,deg C,Actual
Lake Erie,937,Field Msr/Obs,Surface Water,2022-08-16,"Temperature, water",,23,deg C,Actual
Lake Erie,937,Field Msr/Obs,Surface Water,2023-05-11,"Temperature, water",,10.5,deg C,Actual
Lake Erie,937,Field Msr/Obs,Surface Water,2024-08-22,"Temperature, water",,20.5,deg C,Actual
Lake Ontario,55,Field Msr/Obs,Surface Water,2022-04-24,"Temperature, water",,3.5,deg C,Actual
Lake Ontario,55,Field Msr/Obs,Surface Water,2023-04-15,"Temperature, water",,3.5,deg C,Actual
Lake Erie,881,Field Msr/Obs,Surface Water,2022-08-20,"Temperature, water",,24.1,deg C,Actual
Lake Erie,881,Field Msr/Obs,Surface Water,2023-05-15,"Temperature, water",,15,deg C,Actual
Lake Erie,881,Field Msr/Obs,Surface Water,2024-08-14,"Temperature, water",,23.5,deg C,Actual
Lake Huron,99,Field Msr/Obs,Surface Water,2022-09-20,"Temperature, water",,21.5,deg C,Actual
Lake Huron,99,Field Msr/Obs,Surface Water,2024-08-27,"Temperature, water",,23,deg C,Actual
Lake Ontario,86,Sample-Routine,Surface Water,2022-04-25,"Temperature, water",,7.5,deg C,Actual
Lake Ontario,86,Field Msr/Obs,Surface Water,2023-04-14,"Temperature, water",,8,deg C,Actual
Lake Ontario,22,Field Msr/Obs,Surface Water,2022-04-26,"Temperature, water",,7,deg C,Actual
Lake Ontario,22,Field Msr/Obs,Surface Water,2022-08-10,"Temperature, water",,25.5,deg C,Actual
Lake Ontario,22,Field Msr/Obs,Surface Water,2023-04-14,"Temperature, water",,7.5,deg C,Actual
Lake Huron,82,Field Msr/Obs,Surface Water,2022-09-15,"Temperature, water",,18.5,deg C,Actual
Lake Huron,82,Field Msr/Obs,Surface Water,2022-06-04,"Temperature, water",,7.7,deg C,Actual
Lake Huron,82,Field Msr/Obs,Surface Water,2024-09-06,"Temperature, water",,18.5,deg C,Actual
Lake Huron,71,Field Msr/Obs,Surface Water,2022-06-04,"Temperature, water",,10,deg C,Actual
Lake Huron,71,Field Msr/Obs,Surface Water,2022-09-15,"Temperature, water",,19,deg C,Actual
Lake Huron,71,Field Msr/Obs,Surface Water,2024-09-05,"Temperature, water",,18.5,deg C,Actual
Lake Superior,118,Field Msr/Obs,Surface Water,2024-09-15,"Temperature, water",,17,deg C,Actual
Lake Superior,118,Field Msr/Obs,Surface Water,2024-06-10,"Temperature, water",,4.5,deg C,Actual
Lake Superior,43,Field Msr/Obs,Surface Water,2024-06-09,"Temperature, water",,4,deg C,Actual
Lake Superior,43,Field Msr/Obs,Surface Water,2024-09-14,"Temperature, water",,16,deg C,Actual
Lake Erie,889,Field Msr/Obs,Surface Water,2022-08-18,"Temperature, water",,24.5,deg C,Actual
Lake Erie,889,Field Msr/Obs,Surface Water,2023-05-18,"Temperature, water",,10.5,deg C,Actual
Lake Erie,889,Field Msr/Obs,Surface Water,2024-04-18,"Temperature, water",,6.06,deg C,Actual
Lake Superior,169,Field Msr/Obs,Surface Water,2024-09-17,"Temperature, water",,19,deg C,Actual
Lake Superior,169,Field Msr/Obs,Surface Water,2024-06-11,"Temperature, water",,3.8,deg C,Actual
Lake Huron,17,Field Msr/Obs,Surface Water,2022-09-20,"Temperature, water",,20.7,deg C,Actual
Lake Huron,17,Field Msr/Obs,Surface Water,2022-05-31,"Temperature, water",,11.5,deg C,Actual
Lake Huron,17,Field Msr/Obs,Surface Water,2024-08-27,"Temperature, water",,22,deg C,Actual
Lake Huron,4,Field Msr/Obs,Surface Water,2022-09-21,"Temperature, water",,21,deg C,Actual
Lake Huron,4,Field Msr/Obs,Surface Water,2024-08-28,"Temperature, water",,22,deg C,Actual
Lake Erie,880,Field Msr/Obs,Surface Water,2022-08-18,"Temperature, water",,24,deg C,Actual
Lake Erie,880,Field Msr/Obs,Surface Water,2023-05-18,"Temperature, water",,11,deg C,Actual
Lake Erie,880,Field Msr/Obs,Surface Water,2024-08-13,"Temperature, water",,27,deg C,Actual
Lake Ontario,54,Field Msr/Obs,Surface Water,2022-04-24,"Temperature, water",,3.9,deg C,Actual
Lake Ontario,54,Field Msr/Obs,Surface Water,2023-04-15,"Temperature, water",,4,deg C,Actual
Lake Superior,152,Field Msr/Obs,Surface Water,2024-09-17,"Temperature, water",,16.5,deg C,Actual
Lake Superior,152,Field Msr/Obs,Surface Water,2024-06-13,"Temperature, water",,4,deg C,Actual
Lake Erie,958,Field Msr/Obs,Surface Water,2022-08-18,"Temperature, water",,24.6,deg C,Actual
Lake Erie,958,Field Msr/Obs,Surface Water,2023-05-18,"Temperature, water",,11,deg C,Actual
Lake Erie,958,Field Msr/Obs,Surface Water,2024-08-15,"Temperature, water",,23.5,deg C,Actual
Lake Huron,9,Field Msr/Obs,Surface Water,2022-05-31,"Temperature, water",,6.5,deg C,Actual
Lake Huron,9,Field Msr/Obs,Surface Water,2022-09-20,"Temperature, water",,21,deg C,Actual
Lake Huron,9,Field Msr/Obs,Surface Water,2024-08-27,"Temperature, water",,22,deg C,Actual
Lake Ontario,30,Field Msr/Obs,Surface Water,2022-04-21,"Temperature, water",,4,deg C,Actual
Lake Ontario,32,Field Msr/Obs,Surface Water,2022-04-21,"Temperature, water",,3,deg C,Actual
Lake Huron,58,Field Msr/Obs,Surface Water,2022-09-16,"Temperature, water",,18,deg C,Actual
Lake Huron,58,Field Msr/Obs,Surface Water,2024-09-06,"Temperature, water",,17.5,deg C,Actual
Lake Superior,127,Field Msr/Obs,Surface Water,2024-09-16,"Temperature, water",,17.5,deg C,Actual
Lake Superior,127,Field Msr/Obs,Surface Water,2024-06-15,"Temperature, water",,3.7,deg C,Actual
Georgian Bay,17,Field Msr/Obs,Surface Water,2022-06-06,"Temperature, water",,4,deg C,Actual
Georgian Bay,17,Field Msr/Obs,Surface Water,2022-09-13,"Temperature, water",,20,deg C,Actual
Georgian Bay,17,Field Msr/Obs,Surface Water,2024-09-09,"Temperature, water",,17.5,deg C,Actual
Lake Erie,944,Field Msr/Obs,Surface Water,2022-08-17,"Temperature, water",,23.8,deg C,Actual
Lake Erie,944,Field Msr/Obs,Surface Water,2023-05-09,"Temperature, water",,10,deg C,Actual
Lake Erie,944,Field Msr/Obs,Surface Water,2024-08-22,"Temperature, water",,21,deg C,Actual
Lake Superior,185,Field Msr/Obs,Surface Water,2024-06-12,"Temperature, water",,9.5,deg C,Actual
Lake Superior,185,Field Msr/Obs,Surface Water,2024-09-18,"Temperature, water",,19,deg C,Actual
Georgian Bay,15,Field Msr/Obs,Surface Water,2022-06-05,"Temperature, water",,8,deg C,Actual
Georgian Bay,15,Field Msr/Obs,Surface Water,2022-09-13,"Temperature, water",,20.3,deg C,Actual
Georgian Bay,15,Field Msr/Obs,Surface Water,2024-09-10,"Temperature, water",,15,deg C,Actual
Lake Ontario,53,Field Msr/Obs,Surface Water,2022-04-24,"Temperature, water",,6,deg C,Actual
Lake Ontario,53,Field Msr/Obs,Surface Water,2023-04-15,"Temperature, water",,7,deg C,Actual
Lake Huron,36,Field Msr/Obs,Surface Water,2022-06-02,"Temperature, water",,14,deg C,Actual
Lake Huron,36,Field Msr/Obs,Surface Water,2022-09-17,"Temperature, water",,20,deg C,Actual
Lake Huron,36,Field Msr/Obs,Surface Water,2024-09-04,"Temperature, water",,19,deg C,Actual
Lake Ontario,65,Field Msr/Obs,Surface Water,2022-04-24,"Temperature, water",,3,deg C,Actual
Lake Ontario,65,Field Msr/Obs,Surface Water,2023-04-16,"Temperature, water",,5.5,deg C,Actual
Lake Erie,959,Field Msr/Obs,Surface Water,2022-08-18,"Temperature, water",,24,deg C,Actual
Lake Erie,959,Field Msr/Obs,Surface Water,2023-05-17,"Temperature, water",,10,deg C,Actual
Lake Erie,959,Field Msr/Obs,Surface Water,2024-08-16,"Temperature, water",,24.5,deg C,Actual
Georgian Bay,24,Field Msr/Obs,Surface Water,2022-06-05,"Temperature, water",,9.5,deg C,Actual
Georgian Bay,24,Field Msr/Obs,Surface Water,2022-09-14,"Temperature, water",,18.9,deg C,Actual
Georgian Bay,24,Field Msr/Obs,Surface Water,2024-09-07,"Temperature, water",,17,deg C,Actual
Lake Erie,964,Field Msr/Obs,Surface Water,2022-08-19,"Temperature, water",,24,deg C,Actual
Lake Erie,964,Field Msr/Obs,Surface Water,2023-05-18,"Temperature, water",,13,deg C,Actual
Lake Erie,964,Field Msr/Obs,Surface Water,2024-08-15,"Temperature, water",,24,deg C,Actual
Lake Ontario,1001,Field Msr/Obs,Surface Water,2022-04-27,"Temperature, water",,8,deg C,Actual
Lake Ontario,1001,Field Msr/Obs,Surface Water,2023-04-18,"Temperature, water",,9,deg C,Actual
Lake Superior,138,Field Msr/Obs,Surface Water,2024-06-14,"Temperature, water",,10,deg C,Actual
Lake Superior,138,Field Msr/Obs,Surface Water,2024-09-21,"Temperature, water",,19,deg C,Actual
Lake Ontario,909,Field Msr/Obs,Surface Water,2022-04-27,"Temperature, water",,8.5,deg C,Actual
Lake Ontario,909,Field Msr/Obs,Surface Water,2023-04-18,"Temperature, water",,7.5,deg C,Actual
Lake Huron,56,Field Msr/Obs,Surface Water,2022-09-16,"Temperature, water",,18.5,deg C,Actual
Lake Huron,56,Field Msr/Obs,Surface Water,2024-09-04,"Temperature, water",,19,deg C,Actual
Lake Erie,972,Field Msr/Obs,Surface Water,2022-08-20,"Temperature, water",,24.1,deg C,Actual
Lake Erie,972,Field Msr/Obs,Surface Water,2023-05-16,"Temperature, water",,14,deg C,Actual
Lake Erie,972,Field Msr/Obs,Surface Water,2024-04-17,"Temperature, water",,10.75,deg C,Actual
Lake Erie,972,Field Msr/Obs,Surface Water,2024-08-14,"Temperature, water",,24,deg C,Actual
Lake Huron,87,Field Msr/Obs,Surface Water,2022-06-04,"Temperature, water",,9.5,deg C,Actual
Lake Huron,87,Field Msr/Obs,Surface Water,2022-09-15,"Temperature, water",,19.5,deg C,Actual
Lake Huron,87,Field Msr/Obs,Surface Water,2024-09-06,"Temperature, water",,18,deg C,Actual
Lake Superior,2,Field Msr/Obs,Surface Water,2024-06-08,"Temperature, water",,10,deg C,Actual
Lake Superior,2,Field Msr/Obs,Surface Water,2024-09-13,"Temperature, water",,18,deg C,Actual
Lake Erie,966,Field Msr/Obs,Surface Water,2022-08-19,"Temperature, water",,24.5,deg C,Actual
Lake Erie,966,Field Msr/Obs,Surface Water,2023-05-17,"Temperature, water",,13,deg C,Actual
Lake Erie,966,Field Msr/Obs,Surface Water,2024-08-15,"Temperature, water",,25,deg C,Actual
Georgian Bay,9,Field Msr/Obs,Surface Water,2022-09-13,"Temperature, water",,21,deg C,Actual
Georgian Bay,9,Field Msr/Obs,Surface Water,2022-06-05,"Temperature, water",,14.5,deg C,Actual
Georgian Bay,9,Field Msr/Obs,Surface Water,2024-09-10,"Temperature, water",,18.5,deg C,Actual
Lake Huron,14,Field Msr/Obs,Surface Water,2022-09-20,"Temperature, water",,21,deg C,Actual
Lake Huron,14,Field Msr/Obs,Surface Water,2024-08-27,"Temperature, water",,21,deg C,Actual
Lake Ontario,59,Field Msr/Obs,Surface Water,2022-04-24,"Temperature, water",,3.5,deg C,Actual
Lake Ontario,59,Field Msr/Obs,Surface Water,2023-04-15,"Temperature, water",,5,deg C,Actual
Lake Erie,960,Field Msr/Obs,Surface Water,2022-08-18,"Temperature, water",,24,deg C,Actual
Lake Erie,960,Field Msr/Obs,Surface Water,2023-05-17,"Temperature, water",,10,deg C,Actual
Lake Erie,960,Field Msr/Obs,Surface Water,2024-08-16,"Temperature, water",,24,deg C,Actual
Lake Superior,137,Field Msr/Obs,Surface Water,2024-09-21,"Temperature, water",,17.5,deg C,Actual
Lake Superior,137,Field Msr/Obs,Surface Water,2024-06-14,"Temperature, water",,8,deg C,Actual
Lake Erie,945,Field Msr/Obs,Surface Water,2022-08-17,"Temperature, water",,23,deg C,Actual
Lake Erie,945,Field Msr/Obs,Surface Water,2023-05-10,"Temperature, water",,8.4,deg C,Actual
Lake Erie,945,Field Msr/Obs,Surface Water,2024-08-22,"Temperature, water",,22,deg C,Actual
Lake Erie,1163,Field Msr/Obs,Surface Water,2023-05-16,"Temperature, water",,17,deg C,Actual
Lake Erie,1163,Field Msr/Obs,Surface Water,2024-08-14,"Temperature, water",,24,deg C,Actual
Lake Huron,8,Field Msr/Obs,Surface Water,2022-05-31,"Temperature, water",,11.5,deg C,Actual
Lake Huron,8,Field Msr/Obs,Surface Water,2022-09-20,"Temperature, water",,21.5,deg C,Actual
Lake Huron,8,Field Msr/Obs,Surface Water,2024-08-26,"Temperature, water",,22,deg C,Actual
Lake Huron,29,Field Msr/Obs,Surface Water,2022-06-07,"Temperature, water",,4,deg C,Actual
Lake Huron,29,Field Msr/Obs,Surface Water,2022-09-19,"Temperature, water",,20,deg C,Actual
Lake Huron,29,Field Msr/Obs,Surface Water,2024-08-29,"Temperature, water",,20.5,deg C,Actual
Lake Ontario,31,Field Msr/Obs,Surface Water,2022-04-21,"Temperature, water",,5,deg C,Actual
Lake Ontario,31,Field Msr/Obs,Surface Water,2023-04-18,"Temperature, water",,6,deg C,Actual
Lake Erie,932,Field Msr/Obs,Surface Water,2022-08-15,"Temperature, water",,23.8,deg C,Actual
Lake Erie,932,Field Msr/Obs,Surface Water,2023-05-08,"Temperature, water",,9,deg C,Actual
Lake Erie,932,Field Msr/Obs,Surface Water,2024-08-12,"Temperature, water",,24,deg C,Actual
Lake Huron,42,Field Msr/Obs,Surface Water,2022-09-18,"Temperature, water",,19.5,deg C,Actual
Lake Huron,42,Field Msr/Obs,Surface Water,2024-09-07,"Temperature, water",,18,deg C,Actual
Lake Erie,1237,Field Msr/Obs,Surface Water,2022-08-16,"Temperature, water",,24,deg C,Actual
Lake Erie,1237,Field Msr/Obs,Surface Water,2023-05-09,"Temperature, water",,9,deg C,Actual
Lake Erie,1237,Field Msr/Obs,Surface Water,2024-08-20,"Temperature, water",,22.7,deg C,Actual
Lake Superior,192,Field Msr/Obs,Surface Water,2024-06-11,"Temperature, water",,11,deg C,Actual
Lake Superior,192,Field Msr/Obs,Surface Water,2024-09-17,"Temperature, water",,18.5,deg C,Actual
Lake Superior,125,Field Msr/Obs,Surface Water,2024-09-16,"Temperature, water",,18,deg C,Actual
Lake Superior,125,Field Msr/Obs,Surface Water,2024-06-11,"Temperature, water",,3.5,deg C,Actual
Lake Ontario,73,Field Msr/Obs,Surface Water,2022-04-23,"Temperature, water",,3.9,deg C,Actual
Lake Ontario,73,Field Msr/Obs,Surface Water,2023-04-16,"Temperature, water",,5.5,deg C,Actual
Lake Ontario,918,Field Msr/Obs,Surface Water,2022-04-27,"Temperature, water",,9,deg C,Actual
Lake Ontario,918,Field Msr/Obs,Surface Water,2023-04-18,"Temperature, water",,8.5,deg C,Actual
Lake Huron,95,Field Msr/Obs,Surface Water,2022-06-01,"Temperature, water",,16,deg C,Actual
Lake Huron,95,Field Msr/Obs,Surface Water,2022-09-20,"Temperature, water",,20.5,deg C,Actual
Lake Huron,95,Field Msr/Obs,Surface Water,2024-08-27,"Temperature, water",,22,deg C,Actual
Lake Superior,51,Field Msr/Obs,Surface Water,2024-09-14,"Temperature, water",,18,deg C,Actual
Lake Superior,51,Field Msr/Obs,Surface Water,2024-06-09,"Temperature, water",,8,deg C,Actual
Lake Huron,10,Field Msr/Obs,Surface Water,2022-09-21,"Temperature, water",,21,deg C,Actual
Lake Huron,10,Field Msr/Obs,Surface Water,2024-08-28,"Temperature, water",,21.5,deg C,Actual
Lake Ontario,78,Field Msr/Obs,Surface Water,2022-04-23,"Temperature, water",,4.5,deg C,Actual
Lake Ontario,78,Field Msr/Obs,Surface Water,2023-04-16,"Temperature, water",,4.5,deg C,Actual
Lake Erie,951,Field Msr/Obs,Surface Water,2022-08-17,"Temperature, water",,23,deg C,Actual
Lake Erie,951,Field Msr/Obs,Surface Water,2023-05-12,"Temperature, water",,11,deg C,Actual
Lake Erie,969,Field Msr/Obs,Surface Water,2022-08-19,"Temperature, water",,25.5,deg C,Actual
Lake Erie,969,Field Msr/Obs,Surface Water,2024-08-14,"Temperature, water",,24,deg C,Actual
Lake Ontario,94,Field Msr/Obs,Surface Water,2022-04-24,"Temperature, water",,4.5,deg C,Actual
Lake Ontario,94,Field Msr/Obs,Surface Water,2023-04-15,"Temperature, water",,5.5,deg C,Actual
Lake Erie,948,Field Msr/Obs,Surface Water,2022-08-17,"Temperature, water",,24,deg C,Actual
Lake Erie,948,Field Msr/Obs,Surface Water,2023-05-11,"Temperature, water",,10,deg C,Actual
Lake Erie,948,Field Msr/Obs,Surface Water,2024-08-22,"Temperature, water",,23,deg C,Actual
Georgian Bay,36,Field Msr/Obs,Surface Water,2022-09-14,"Temperature, water",,19,deg C,Actual
Georgian Bay,36,Field Msr/Obs,Surface Water,2024-09-07,"Temperature, water",,17,deg C,Actual
Lake Huron,100,Field Msr/Obs,Surface Water,2022-09-20,"Temperature, water",,21.5,deg C,Actual
Lake Huron,100,Field Msr/Obs,Surface Water,2022-06-01,"Temperature, water",,19,deg C,Actual
Lake Huron,100,Field Msr/Obs,Surface Water,2024-08-27,"Temperature, water",,23,deg C,Actual
Lake Huron,27,Field Msr/Obs,Surface Water,2022-09-20,"Temperature, water",,20.1,deg C,Actual
Lake Huron,27,Field Msr/Obs,Surface Water,2024-09-03,"Temperature, water",,20,deg C,Actual
Lake Erie,449,Field Msr/Obs,Surface Water,2022-08-16,"Temperature, water",,23,deg C,Actual
Lake Erie,449,Field Msr/Obs,Surface Water,2024-08-22,"Temperature, water",,21,deg C,Actual
Georgian Bay,8,Field Msr/Obs,Surface Water,2022-09-13,"Temperature, water",,21,deg C,Actual
Georgian Bay,8,Field Msr/Obs,Surface Water,2024-09-09,"Temperature, water",,18.5,deg C,Actual
Lake Ontario,1,Field Msr/Obs,Surface Water,2022-04-19,"Temperature, water",,4,deg C,Actual
Lake Ontario,1,Field Msr/Obs,Surface Water,2023-04-18,"Temperature, water",,4.5,deg C,Actual
Lake Ontario,76,Field Msr/Obs,Surface Water,2022-04-23,"Temperature, water",,7.5,deg C,Actual
Lake Ontario,76,Field Msr/Obs,Surface Water,2023-04-16,"Temperature, water",,10,deg C,Actual
Lake Ontario,80,Field Msr/Obs,Surface Water,2022-04-23,"Temperature, water",,4,deg C,Actual
Lake Ontario,80,Field Msr/Obs,Surface Water,2023-04-17,"Temperature, water",,4,deg C,Actual
Lake Superior,180,Field Msr/Obs,Surface Water,2024-09-18,"Temperature, water",,19,deg C,Actual
Lake Superior,180,Field Msr/Obs,Surface Water,2024-06-13,"Temperature, water",,4,deg C,Actual
Lake Huron,38,Field Msr/Obs,Surface Water,2022-06-07,"Temperature, water",,4,deg C,Actual
Lake Huron,38,Field Msr/Obs,Surface Water,2022-09-19,"Temperature, water",,20.2,deg C,Actual
Lake Huron,38,Field Msr/Obs,Surface Water,2024-08-30,"Temperature, water",,20,deg C,Actual
Georgian Bay,5,Field Msr/Obs,Surface Water,2022-09-13,"Temperature, water",,21.5,deg C,Actual
Georgian Bay,5,Field Msr/Obs,Surface Water,2024-09-09,"Temperature, water",,19,deg C,Actual
Lake Ontario,69,Field Msr/Obs,Surface Water,2022-04-23,"Temperature, water",,4,deg C,Actual
Lake Ontario,69,Field Msr/Obs,Surface Water,2023-04-16,"Temperature, water",,4,deg C,Actual
Georgian Bay,19,Field Msr/Obs,Surface Water,2022-09-13,"Temperature, water",,19,deg C,Actual
Georgian Bay,19,Field Msr/Obs,Surface Water,2024-09-08,"Temperature, water",,19,deg C,Actual
Lake Ontario,88,Field Msr/Obs,Surface Water,2022-04-23,"Temperature, water",,3.5,deg C,Actual
Lake Ontario,88,Field Msr/Obs,Surface Water,2023-04-16,"Temperature, water",,3.8,deg C,Actual
Lake Superior,5,Field Msr/Obs,Surface Water,2024-06-08,"Temperature, water",,10,deg C,Actual
Lake Superior,5,Field Msr/Obs,Surface Water,2024-09-13,"Temperature, water",,19,deg C,Actual
Lake Erie,970,Field Msr/Obs,Surface Water,2022-08-19,"Temperature, water",,25.1,deg C,Actual
Lake Erie,970,Field Msr/Obs,Surface Water,2023-05-17,"Temperature, water",,12.8,deg C,Actual
Lake Erie,970,Field Msr/Obs,Surface Water,2024-08-14,"Temperature, water",,24,deg C,Actual
Lake Ontario,82,Field Msr/Obs,Surface Water,2023-04-17,"Temperature, water",,4,deg C,Actual
Georgian Bay,27,Field Msr/Obs,Surface Water,2022-06-05,"Temperature, water",,8,deg C,Actual
Georgian Bay,27,Field Msr/Obs,Surface Water,2022-09-14,"Temperature, water",,18.9,deg C,Actual
Georgian Bay,27,Field Msr/Obs,Surface Water,2024-09-07,"Temperature, water",,16,deg C,Actual
Lake Huron,79,Field Msr/Obs,Surface Water,2022-06-04,"Temperature, water",,10,deg C,Actual
Lake Huron,79,Field Msr/Obs,Surface Water,2022-09-15,"Temperature, water",,18.5,deg C,Actual
Lake Huron,79,Field Msr/Obs,Surface Water,2024-09-05,"Temperature, water",,16,deg C,Actual
Lake Ontario,96,Field Msr/Obs,Surface Water,2022-04-25,"Temperature, water",,6,deg C,Actual
Lake Ontario,96,Field Msr/Obs,Surface Water,2023-04-13,"Temperature, water",,5.5,deg C,Actual
Lake Erie,946,Field Msr/Obs,Surface Water,2022-08-17,"Temperature, water",,23.5,deg C,Actual
Lake Erie,946,Field Msr/Obs,Surface Water,2023-05-10,"Temperature, water",,10,deg C,Actual
Lake Erie,946,Field Msr/Obs,Surface Water,2024-08-13,"Temperature, water",,22.5,deg C,Actual
Lake Huron,33,Field Msr/Obs,Surface Water,2022-09-19,"Temperature, water",,20.2,deg C,Actual
Lake Huron,33,Field Msr/Obs,Surface Water,2024-09-04,"Temperature, water",,19.5,deg C,Actual
Lake Superior,216,Field Msr/Obs,Surface Water,2024-09-18,"Temperature, water",,18.5,deg C,Actual
Lake Superior,216,Field Msr/Obs,Surface Water,2024-06-13,"Temperature, water",,7,deg C,Actual
Lake Erie,963,Field Msr/Obs,Surface Water,2022-08-19,"Temperature, water",,24,deg C,Actual
Lake Erie,963,Field Msr/Obs,Surface Water,2023-05-18,"Temperature, water",,12,deg C,Actual
Lake Erie,963,Field Msr/Obs,Surface Water,2024-08-15,"Temperature, water",,24,deg C,Actual
Lake Huron,34,Field Msr/Obs,Surface Water,2022-09-19,"Temperature, water",,20,deg C,Actual
Lake Huron,34,Field Msr/Obs,Surface Water,2022-06-01,"Temperature, water",,10.4,deg C,Actual
Lake Huron,34,Field Msr/Obs,Surface Water,2024-09-04,"Temperature, water",,20,deg C,Actual
Lake Ontario,91,Field Msr/Obs,Surface Water,2022-04-21,"Temperature, water",,5,deg C,Actual
Lake Ontario,91,Field Msr/Obs,Surface Water,2023-04-18,"Temperature, water",,5.5,deg C,Actual
Lake Huron,66,Field Msr/Obs,Surface Water,2022-06-03,"Temperature, water",,5.2,deg C,Actual
Lake Huron,66,Field Msr/Obs,Surface Water,2022-09-16,"Temperature, water",,18.5,deg C,Actual
Lake Huron,66,Field Msr/Obs,Surface Water,2024-09-05,"Temperature, water",,18.5,deg C,Actual
Lake Ontario,10,Field Msr/Obs,Surface Water,2022-04-20,"Temperature, water",,4,deg C,Actual
Lake Ontario,10,Field Msr/Obs,Surface Water,2023-04-18,"Temperature, water",,4.5,deg C,Actual
Lake Ontario,70,Field Msr/Obs,Surface Water,2022-04-23,"Temperature, water",,3.5,deg C,Actual
Lake Ontario,70,Field Msr/Obs,Surface Water,2022-08-11,"Temperature, water",,24,deg C,Actual
Lake Ontario,70,Field Msr/Obs,Surface Water,2023-04-16,"Temperature, water",,5,deg C,Actual
Lake Ontario,23,Field Msr/Obs,Surface Water,2022-04-26,"Temperature, water",,4,deg C,Actual
Lake Ontario,23,Field Msr/Obs,Surface Water,2023-04-14,"Temperature, water",,4,deg C,Actual
Lake Ontario,64,Field Msr/Obs,Surface Water,2022-08-11,"Temperature, water",,24,deg C,Actual
Lake Ontario,64,Field Msr/Obs,Surface Water,2022-04-24,"Temperature, water",,4,deg C,Actual
Lake Ontario,64,Field Msr/Obs,Surface Water,2023-04-16,"Temperature, water",,3.5,deg C,Actual
Lake Superior,201,Field Msr/Obs,Surface Water,2024-09-18,"Temperature, water",,18.5,deg C,Actual
Lake Superior,201,Field Msr/Obs,Surface Water,2024-06-12,"Temperature, water",,4.5,deg C,Actual
Lake Erie,957,Field Msr/Obs,Surface Water,2022-08-18,"Temperature, water",,25,deg C,Actual
Lake Erie,957,Field Msr/Obs,Surface Water,2024-08-15,"Temperature, water",,24,deg C,Actual
Lake Huron,94,Field Msr/Obs,Surface Water,2022-09-20,"Temperature, water",,20.5,deg C,Actual
Lake Huron,94,Field Msr/Obs,Surface Water,2024-08-27,"Temperature, water",,22,deg C,Actual
Lake Huron,61,Field Msr/Obs,Surface Water,2022-09-16,"Temperature, water",,18,deg C,Actual
Lake Huron,61,Field Msr/Obs,Surface Water,2024-09-04,"Temperature, water",,18,deg C,Actual
Lake Superior,160,Field Msr/Obs,Surface Water,2024-06-11,"Temperature, water",,5,deg C,Actual
Lake Superior,160,Field Msr/Obs,Surface Water,2024-09-16,"Temperature, water",,18.5,deg C,Actual
Lake Superior,105,Field Msr/Obs,Surface Water,2024-06-15,"Temperature, water",,5,deg C,Actual
Lake Superior,105,Field Msr/Obs,Surface Water,2024-09-21,"Temperature, water",,17,deg C,Actual
Lake Huron,3,Field Msr/Obs,Surface Water,2022-05-31,"Temperature, water",,13,deg C,Actual
Lake Huron,3,Field Msr/Obs,Surface Water,2022-09-21,"Temperature, water",,21,deg C,Actual
Lake Huron,3,Field Msr/Obs,Surface Water,2024-08-28,"Temperature, water",,22,deg C,Actual
Georgian Bay,21,Field Msr/Obs,Surface Water,2022-09-14,"Temperature, water",,19.2,deg C,Actual
Georgian Bay,21,Field Msr/Obs,Surface Water,2022-06-06,"Temperature, water",,4.5,deg C,Actual
Georgian Bay,21,Field Msr/Obs,Surface Water,2024-09-09,"Temperature, water",,17.5,deg C,Actual
Lake Huron,88,Field Msr/Obs,Surface Water,2022-09-15,"Temperature, water",,20,deg C,Actual
Lake Huron,88,Field Msr/Obs,Surface Water,2024-09-06,"Temperature, water",,19.5,deg C,Actual
Lake Huron,39,Field Msr/Obs,Surface Water,2022-09-19,"Temperature, water",,20,deg C,Actual
Lake Huron,39,Field Msr/Obs,Surface Water,2024-08-29,"Temperature, water",,20,deg C,Actual
Lake Ontario,79,Field Msr/Obs,Surface Water,2022-04-23,"Temperature, water",,4,deg C,Actual
Lake Ontario,79,Field Msr/Obs,Surface Water,2023-04-17,"Temperature, water",,4.5,deg C,Actual
Lake Huron,44,Field Msr/Obs,Surface Water,2022-09-18,"Temperature, water",,19.8,deg C,Actual
Lake Huron,44,Field Msr/Obs,Surface Water,2022-06-02,"Temperature, water",,3,deg C,Actual
Lake Huron,44,Field Msr/Obs,Surface Water,2024-08-29,"Temperature, water",,20,deg C,Actual
Lake Erie,933,Field Msr/Obs,Surface Water,2022-08-15,"Temperature, water",,23.5,deg C,Actual
Lake Erie,933,Field Msr/Obs,Surface Water,2023-05-09,"Temperature, water",,10,deg C,Actual
Lake Erie,933,Field Msr/Obs,Surface Water,2024-08-20,"Temperature, water",,22,deg C,Actual
Lake Superior,221,Field Msr/Obs,Surface Water,2024-05-10,"Temperature, water",,4.9,deg C,Actual
Lake Superior,221,Field Msr/Obs,Surface Water,2024-06-12,"Temperature, water",,11.5,deg C,Actual
Lake Superior,221,Field Msr/Obs,Surface Water,2024-09-18,"Temperature, water",,19.5,deg C,Actual
Lake Ontario,15,Field Msr/Obs,Surface Water,2022-04-25,"Temperature, water",,5,deg C,Actual
Lake Ontario,15,Field Msr/Obs,Surface Water,2023-04-13,"Temperature, water",,4.5,deg C,Actual
Lake Ontario,2,Field Msr/Obs,Surface Water,2022-04-19,"Temperature, water",,3.6,deg C,Actual
Lake Ontario,2,Field Msr/Obs,Surface Water,2023-04-13,"Temperature, water",,4,deg C,Actual
Lake Erie,939,Field Msr/Obs,Surface Water,2022-08-16,"Temperature, water",,24,deg C,Actual
Lake Erie,939,Field Msr/Obs,Surface Water,2023-05-19,"Temperature, water",,8.7,deg C,Actual
Lake Erie,939,Field Msr/Obs,Surface Water,2024-08-22,"Temperature, water",,21.5,deg C,Actual
Lake Superior,177,Field Msr/Obs,Surface Water,2024-09-19,"Temperature, water",,18.5,deg C,Actual
Lake Superior,177,Field Msr/Obs,Surface Water,2024-06-13,"Temperature, water",,4.5,deg C,Actual
Lake Superior,23,Field Msr/Obs,Surface Water,2024-06-09,"Temperature, water",,4.5,deg C,Actual
Lake Superior,23,Field Msr/Obs,Surface Water,2024-09-13,"Temperature, water",,14.5,deg C,Actual
Lake Superior,57,Field Msr/Obs,Surface Water,2024-06-10,"Temperature, water",,4.5,deg C,Actual
Lake Superior,57,Field Msr/Obs,Surface Water,2024-09-14,"Temperature, water",,16.5,deg C,Actual
Lake Huron,63,Field Msr/Obs,Surface Water,2022-09-16,"Temperature, water",,18.5,deg C,Actual
Lake Huron,63,Field Msr/Obs,Surface Water,2022-06-03,"Temperature, water",,11,deg C,Actual
Lake Huron,63,Field Msr/Obs,Surface Water,2024-09-05,"Temperature, water",,18.5,deg C,Actual
Lake Ontario,39,Field Msr/Obs,Surface Water,2022-04-24,"Temperature, water",,3.5,deg C,Actual
Lake Ontario,39,Field Msr/Obs,Surface Water,2023-04-15,"Temperature, water",,4.3,deg C,Actual
Lake Ontario,56,Field Msr/Obs,Surface Water,2022-04-24,"Temperature, water",,3.2,deg C,Actual
Lake Ontario,56,Field Msr/Obs,Surface Water,2023-04-15,"Temperature, water",,4,deg C,Actual
Lake Ontario,49,Field Msr/Obs,Surface Water,2023-04-17,"Temperature, water",,3,deg C,Actual
Lake Ontario,13,Field Msr/Obs,Surface Water,2022-04-25,"Temperature, water",,5,deg C,Actual
Lake Superior,11,Field Msr/Obs,Surface Water,2024-06-18,"Temperature, water",,10,deg C,Actual
Lake Superior,11,Field Msr/Obs,Surface Water,2024-09-23,"Temperature, water",,18,deg C,Actual
Lake Ontario,28,Field Msr/Obs,Surface Water,2022-04-20,"Temperature, water",,4,deg C,Actual
Lake Huron,62,Field Msr/Obs,Surface Water,2022-06-02,"Temperature, water",,7.5,deg C,Actual
Lake Huron,62,Field Msr/Obs,Surface Water,2022-09-16,"Temperature, water",,18.2,deg C,Actual
Lake Huron,62,Field Msr/Obs,Surface Water,2024-09-05,"Temperature, water",,18.5,deg C,Actual
Lake Ontario,98,Field Msr/Obs,Surface Water,2022-04-23,"Temperature, water",,5.5,deg C,Actual
Lake Ontario,98,Field Msr/Obs,Surface Water,2023-04-16,"Temperature, water",,6.5,deg C,Actual
Lake Ontario,41,Field Msr/Obs,Surface Water,2022-08-12,"Temperature, water",,23,deg C,Actual
Lake Ontario,41,Field Msr/Obs,Surface Water,2022-04-21,"Temperature, water",,2.75,deg C,Actual
Lake Ontario,41,Field Msr/Obs,Surface Water,2023-04-14,"Temperature, water",,3,deg C,Actual
Lake Erie,936,Field Msr/Obs,Surface Water,2022-08-16,"Temperature, water",,24,deg C,Actual
Lake Erie,936,Field Msr/Obs,Surface Water,2023-05-09,"Temperature, water",,8.5,deg C,Actual
Lake Erie,936,Field Msr/Obs,Surface Water,2024-08-19,"Temperature, water",,23,deg C,Actual
Lake Ontario,97,Field Msr/Obs,Surface Water,2022-04-23,"Temperature, water",,8,deg C,Actual
Lake Ontario,97,Field Msr/Obs,Surface Water,2023-04-16,"Temperature, water",,10,deg C,Actual
Lake Erie,942,Field Msr/Obs,Surface Water,2022-08-16,"Temperature, water",,24.5,deg C,Actual
Lake Erie,942,Field Msr/Obs,Surface Water,2023-05-09,"Temperature, water",,10,deg C,Actual
Lake Erie,942,Field Msr/Obs,Surface Water,2024-08-22,"Temperature, water",,22,deg C,Actual
Lake Huron,32,Field Msr/Obs,Surface Water,2022-09-19,"Temperature, water",,19.8,deg C,Actual
Lake Huron,32,Field Msr/Obs,Surface Water,2022-06-07,"Temperature, water",,5,deg C,Actual
Lake Huron,32,Field Msr/Obs,Surface Water,2024-08-30,"Temperature, water",,20.5,deg C,Actual
Lake Ontario,26,Field Msr/Obs,Surface Water,2022-04-20,"Temperature, water",,3.1,deg C,Actual
Lake Ontario,26,Field Msr/Obs,Surface Water,2022-08-12,"Temperature, water",,19.5,deg C,Actual
Lake Huron,101,Field Msr/Obs,Surface Water,2022-09-20,"Temperature, water",,21.5,deg C,Actual
Lake Huron,101,Field Msr/Obs,Surface Water,2022-06-01,"Temperature, water",,18.5,deg C,Actual
Lake Huron,101,Field Msr/Obs,Surface Water,2024-08-27,"Temperature, water",,23,deg C,Actual
Lake Ontario,40,Field Msr/Obs,Surface Water,2022-08-11,"Temperature, water",,23,deg C,Actual
Lake Ontario,40,Field Msr/Obs,Surface Water,2022-04-25,"Temperature, water",,3.5,deg C,Actual
Lake Ontario,40,Field Msr/Obs,Surface Water,2023-04-15,"Temperature, water",,3.7,deg C,Actual
Lake Ontario,93,Field Msr/Obs,Surface Water,2022-04-26,"Temperature, water",,6.5,deg C,Actual
Lake Ontario,93,Field Msr/Obs,Surface Water,2023-04-14,"Temperature, water",,7.5,deg C,Actual
Lake Erie,943,Field Msr/Obs,Surface Water,2022-08-17,"Temperature, water",,23.8,deg C,Actual
Lake Erie,943,Field Msr/Obs,Surface Water,2023-05-09,"Temperature, water",,10.5,deg C,Actual
Lake Erie,943,Field Msr/Obs,Surface Water,2024-08-22,"Temperature, water",,21,deg C,Actual
Lake Ontario,20,Field Msr/Obs,Surface Water,2022-04-26,"Temperature, water",,4.5,deg C,Actual
Lake Ontario,20,Field Msr/Obs,Surface Water,2023-04-14,"Temperature, water",,4,deg C,Actual
Lake Ontario,77,Field Msr/Obs,Surface Water,2022-04-23,"Temperature, water",,3.5,deg C,Actual
Lake Ontario,77,Field Msr/Obs,Surface Water,2023-04-16,"Temperature, water",,7,deg C,Actual
Lake Ontario,36,Field Msr/Obs,Surface Water,2022-04-26,"Temperature, water",,3,deg C,Actual
Lake Ontario,36,Field Msr/Obs,Surface Water,2023-04-14,"Temperature, water",,3.8,deg C,Actual
Lake Erie,967,Field Msr/Obs,Surface Water,2022-08-19,"Temperature, water",,24.6,deg C,Actual
Lake Erie,967,Field Msr/Obs,Surface Water,2023-05-17,"Temperature, water",,12.5,deg C,Actual
Lake Erie,967,Field Msr/Obs,Surface Water,2024-04-17,"Temperature, water",,8.41,deg C,Actual
Lake Erie,967,Field Msr/Obs,Surface Water,2024-08-15,"Temperature, water",,25,deg C,Actual
Lake Erie,934,Field Msr/Obs,Surface Water,2022-08-16,"Temperature, water",,24,deg C,Actual
Lake Erie,934,Field Msr/Obs,Surface Water,2023-05-09,"Temperature, water",,9,deg C,Actual
Lake Erie,934,Field Msr/Obs,Surface Water,2024-08-20,"Temperature, water",,22.5,deg C,Actual
Lake Ontario,14,Field Msr/Obs,Surface Water,2022-04-19,"Temperature, water",,3.5,deg C,Actual
Lake Ontario,72,Field Msr/Obs,Surface Water,2022-04-23,"Temperature, water",,3.5,deg C,Actual
Lake Ontario,72,Field Msr/Obs,Surface Water,2023-04-16,"Temperature, water",,5,deg C,Actual
Lake Erie,1236,Field Msr/Obs,Surface Water,2022-08-15,"Temperature, water",,24,deg C,Actual
Lake Erie,1236,Field Msr/Obs,Surface Water,2023-05-09,"Temperature, water",,9.5,deg C,Actual
Lake Erie,1236,Field Msr/Obs,Surface Water,2024-08-20,"Temperature, water",,22.2,deg C,Actual
Lake Superior,149,Field Msr/Obs,Surface Water,2024-09-19,"Temperature, water",,18,deg C,Actual
Lake Superior,149,Field Msr/Obs,Surface Water,2024-06-14,"Temperature, water",,3.6,deg C,Actual
Georgian Bay,3,Field Msr/Obs,Surface Water,2022-09-13,"Temperature, water",,20.8,deg C,Actual
Georgian Bay,3,Field Msr/Obs,Surface Water,2024-09-09,"Temperature, water",,18.5,deg C,Actual
Lake Ontario,85,Field Msr/Obs,Surface Water,2022-04-20,"Temperature, water",,4,deg C,Actual
Lake Ontario,85,Field Msr/Obs,Surface Water,2023-04-18,"Temperature, water",,4.5,deg C,Actual
Lake Huron,54,Field Msr/Obs,Surface Water,2022-09-17,"Temperature, water",,18,deg C,Actual
Lake Huron,54,Field Msr/Obs,Surface Water,2022-06-02,"Temperature, water",,3,deg C,Actual
Lake Huron,54,Field Msr/Obs,Surface Water,2024-09-04,"Temperature, water",,19,deg C,Actual
Lake Ontario,5,Field Msr/Obs,Surface Water,2022-04-19,"Temperature, water",,4.8,deg C,Actual
Lake Ontario,5,Field Msr/Obs,Surface Water,2023-04-18,"Temperature, water",,5,deg C,Actual
Lake Huron,30,Field Msr/Obs,Surface Water,2022-09-19,"Temperature, water",,20.5,deg C,Actual
Lake Huron,30,Field Msr/Obs,Surface Water,2024-08-29,"Temperature, water",,21,deg C,Actual
Lake Huron,55,Field Msr/Obs,Surface Water,2022-09-17,"Temperature, water",,18.7,deg C,Actual
Lake Huron,55,Field Msr/Obs,Surface Water,2024-09-04,"Temperature, water",,18.5,deg C,Actual
Lake Erie,961,Field Msr/Obs,Surface Water,2022-08-19,"Temperature, water",,24.3,deg C,Actual
Lake Erie,961,Field Msr/Obs,Surface Water,2023-05-17,"Temperature, water",,10.5,deg C,Actual
Lake Erie,961,Field Msr/Obs,Surface Water,2024-08-16,"Temperature, water",,24,deg C,Actual
Lake Superior,106,Field Msr/Obs,Surface Water,2024-06-15,"Temperature, water",,5,deg C,Actual
Lake Superior,106,Field Msr/Obs,Surface Water,2024-09-21,"Temperature, water",,17.5,deg C,Actual
Lake Superior,17,Field Msr/Obs,Surface Water,2024-09-14,"Temperature, water",,18,deg C,Actual
Lake Superior,17,Field Msr/Obs,Surface Water,2024-06-09,"Temperature, water",,9,deg C,Actual
Lake Erie,879,Field Msr/Obs,Surface Water,2022-08-16,"Temperature, water",,24,deg C,Actual
Lake Erie,879,Field Msr/Obs,Surface Water,2023-05-09,"Temperature, water",,8.7,deg C,Actual
Lake Erie,940,Field Msr/Obs,Surface Water,2022-08-16,"Temperature, water",,24,deg C,Actual
Lake Erie,940,Field Msr/Obs,Surface Water,2024-08-22,"Temperature, water",,22,deg C,Actual
Lake Erie,940,Field Msr/Obs,Surface Water,2024-04-19,"Temperature, water",,4.55,deg C,Actual
Lake Huron,50,Field Msr/Obs,Surface Water,2022-09-18,"Temperature, water",,19,deg C,Actual
Lake Huron,50,Field Msr/Obs,Surface Water,2024-09-07,"Temperature, water",,17,deg C,Actual
Lake Ontario,16,Field Msr/Obs,Surface Water,2022-04-25,"Temperature, water",,5.1,deg C,Actual
Lake Ontario,16,Field Msr/Obs,Surface Water,2023-04-14,"Temperature, water",,4,deg C,Actual
Lake Ontario,84,Field Msr/Obs,Surface Water,2022-08-12,"Temperature, water",,24,deg C,Actual
Lake Ontario,84,Field Msr/Obs,Surface Water,2023-04-17,"Temperature, water",,3.5,deg C,Actual
Lake Erie,968,Field Msr/Obs,Surface Water,2022-08-19,"Temperature, water",,24.4,deg C,Actual
Lake Erie,968,Field Msr/Obs,Surface Water,2023-05-17,"Temperature, water",,13,deg C,Actual
Lake Erie,968,Field Msr/Obs,Surface Water,2024-08-15,"Temperature, water",,25,deg C,Actual
Lake Superior,97,Field Msr/Obs,Surface Water,2024-09-16,"Temperature, water",,15.5,deg C,Actual
Lake Ontario,61,Field Msr/Obs,Surface Water,2022-08-12,"Temperature, water",,24,deg C,Actual
Lake Ontario,61,Field Msr/Obs,Surface Water,2023-04-17,"Temperature, water",,3,deg C,Actual
Lake Superior,31,Field Msr/Obs,Surface Water,2024-06-18,"Temperature, water",,9.5,deg C,Actual
Lake Superior,31,Field Msr/Obs,Surface Water,2024-09-23,"Temperature, water",,18,deg C,Actual
Lake Erie,931,Field Msr/Obs,Surface Water,2022-08-15,"Temperature, water",,23.9,deg C,Actual
Lake Erie,931,Field Msr/Obs,Surface Water,2023-05-08,"Temperature, water",,9,deg C,Actual
Lake Erie,931,Field Msr/Obs,Surface Water,2024-08-12,"Temperature, water",,25,deg C,Actual
Lake Ontario,68,Field Msr/Obs,Surface Water,2023-04-16,"Temperature, water",,4.5,deg C,Actual
Georgian Bay,33,Field Msr/Obs,Surface Water,2022-06-06,"Temperature, water",,7,deg C,Actual
Georgian Bay,33,Field Msr/Obs,Surface Water,2022-09-14,"Temperature, water",,19,deg C,Actual
Georgian Bay,33,Field Msr/Obs,Surface Water,2024-09-09,"Temperature, water",,17.5,deg C,Actual
Lake Erie,955,Field Msr/Obs,Surface Water,2022-08-18,"Temperature, water",,23.9,deg C,Actual
Lake Erie,955,Field Msr/Obs,Surface Water,2023-05-18,"Temperature, water",,10.5,deg C,Actual
Lake Erie,955,Field Msr/Obs,Surface Water,2024-08-15,"Temperature, water",,24,deg C,Actual
Lake Superior,39,Field Msr/Obs,Surface Water,2024-09-23,"Temperature, water",,12.5,deg C,Actual
Lake Superior,39,Field Msr/Obs,Surface Water,2024-06-17,"Temperature, water",,5,deg C,Actual
Lake Ontario,38,Field Msr/Obs,Surface Water,2022-04-24,"Temperature, water",,6,deg C,Actual
Lake Ontario,38,Field Msr/Obs,Surface Water,2022-08-11,"Temperature, water",,23.5,deg C,Actual
Lake Ontario,38,Field Msr/Obs,Surface Water,2023-04-15,"Temperature, water",,8,deg C,Actual
Georgian Bay,122,Field Msr/Obs,Surface Water,2022-09-12,"Temperature, water",,22,deg C,Actual
Georgian Bay,122,Field Msr/Obs,Surface Water,2024-09-10,"Temperature, water",,18,deg C,Actual
Lake Ontario,71,Field Msr/Obs,Surface Water,2022-04-23,"Temperature, water",,7,deg C,Actual
Lake Ontario,71,Field Msr/Obs,Surface Water,2023-04-16,"Temperature, water",,9,deg C,Actual
Lake Ontario,19,Field Msr/Obs,Surface Water,2022-04-25,"Temperature, water",,4,deg C,Actual
Lake Superior,80,Field Msr/Obs,Surface Water,2024-06-10,"Temperature, water",,4,deg C,Actual
Lake Superior,80,Field Msr/Obs,Surface Water,2024-09-15,"Temperature, water",,16,deg C,Actual
Lake Superior,155,Field Msr/Obs,Surface Water,2024-06-13,"Temperature, water",,6.5,deg C,Actual
Lake Superior,155,Field Msr/Obs,Surface Water,2024-09-16,"Temperature, water",,17.5,deg C,Actual
Lake Superior,100,Field Msr/Obs,Surface Water,2024-06-16,"Temperature, water",,5.5,deg C,Actual
Lake Superior,100,Field Msr/Obs,Surface Water,2024-09-22,"Temperature, water",,17,deg C,Actual
Lake Ontario,52,Field Msr/Obs,Surface Water,2022-04-24,"Temperature, water",,4,deg C,Actual
Lake Ontario,52,Field Msr/Obs,Surface Water,2023-04-15,"Temperature, water",,4,deg C,Actual
Lake Erie,949,Field Msr/Obs,Surface Water,2022-08-17,"Temperature, water",,23.5,deg C,Actual
Lake Erie,949,Field Msr/Obs,Surface Water,2023-05-11,"Temperature, water",,10,deg C,Actual
Lake Erie,949,Field Msr/Obs,Surface Water,2024-04-19,"Temperature, water",,6.11,deg C,Actual
Georgian Bay,35,Field Msr/Obs,Surface Water,2022-09-14,"Temperature, water",,19,deg C,Actual
Lake Huron,97,Field Msr/Obs,Surface Water,2022-09-20,"Temperature, water",,20.5,deg C,Actual
Lake Huron,97,Field Msr/Obs,Surface Water,2024-08-27,"Temperature, water",,22.5,deg C,Actual
Lake Ontario,34,Field Msr/Obs,Surface Water,2022-04-26,"Temperature, water",,4,deg C,Actual
Lake Ontario,34,Field Msr/Obs,Surface Water,2023-04-14,"Temperature, water",,3.5,deg C,Actual
Lake Ontario,7,Field Msr/Obs,Surface Water,2022-04-19,"Temperature, water",,3.8,deg C,Actual
Lake Ontario,7,Field Msr/Obs,Surface Water,2023-04-18,"Temperature, water",,4.8,deg C,Actual
Lake Erie,727,Field Msr/Obs,Surface Water,2022-08-15,"Temperature, water",,24,deg C,Actual
Lake Erie,727,Field Msr/Obs,Surface Water,2023-05-08,"Temperature, water",,9,deg C,Actual
Lake Erie,727,Field Msr/Obs,Surface Water,2024-08-19,"Temperature, water",,20,deg C,Actual
Lake Ontario,81,Field Msr/Obs,Surface Water,2022-04-23,"Temperature, water",,3.5,deg C,Actual
Lake Ontario,81,Field Msr/Obs,Surface Water,2023-04-17,"Temperature, water",,3.8,deg C,Actual
Lake Ontario,8,Field Msr/Obs,Surface Water,2022-04-20,"Temperature, water",,4.8,deg C,Actual
Lake Ontario,8,Field Msr/Obs,Surface Water,2023-04-18,"Temperature, water",,6.5,deg C,Actual
Lake Erie,882,Field Msr/Obs,Surface Water,2022-08-20,"Temperature, water",,24.5,deg C,Actual
Lake Erie,882,Field Msr/Obs,Surface Water,2023-05-16,"Temperature, water",,15.5,deg C,Actual
Lake Erie,882,Field Msr/Obs,Surface Water,2024-08-14,"Temperature, water",,24,deg C,Actual
Lake Superior,140,Field Msr/Obs,Surface Water,2024-06-14,"Temperature, water",,9,deg C,Actual
Lake Superior,140,Field Msr/Obs,Surface Water,2024-09-19,"Temperature, water",,18,deg C,Actual
Georgian Bay,42,Field Msr/Obs,Surface Water,2022-06-04,"Temperature, water",,9.2,deg C,Actual
Georgian Bay,42,Field Msr/Obs,Surface Water,2022-09-14,"Temperature, water",,19,deg C,Actual
Georgian Bay,42,Field Msr/Obs,Surface Water,2024-09-07,"Temperature, water",,17.5,deg C,Actual
Georgian Bay,16,Field Msr/Obs,Surface Water,2022-06-05,"Temperature, water",,9.3,deg C,Actual
Georgian Bay,16,Field Msr/Obs,Surface Water,2022-09-12,"Temperature, water",,20.5,deg C,Actual
Georgian Bay,16,Field Msr/Obs,Surface Water,2024-09-10,"Temperature, water",,16,deg C,Actual
Lake Superior,76,Field Msr/Obs,Surface Water,2024-06-10,"Temperature, water",,4,deg C,Actual
Lake Superior,76,Field Msr/Obs,Surface Water,2024-09-15,"Temperature, water",,17.5,deg C,Actual
Georgian Bay,39,Field Msr/Obs,Surface Water,2022-09-14,"Temperature, water",,18.9,deg C,Actual
Georgian Bay,39,Field Msr/Obs,Surface Water,2024-09-07,"Temperature, water",,16.5,deg C,Actual
Lake Superior,95,Field Msr/Obs,Surface Water,2024-06-15,"Temperature, water",,4,deg C,Actual
Lake Superior,95,Field Msr/Obs,Surface Water,2024-09-15,"Temperature, water",,15,deg C,Actual
Lake Ontario,63,Field Msr/Obs,Surface Water,2022-04-23,"Temperature, water",,4,deg C,Actual
Lake Ontario,63,Field Msr/Obs,Surface Water,2023-04-17,"Temperature, water",,3.5,deg C,Actual
Lake Superior,12,Field Msr/Obs,Surface Water,2024-09-13,"Temperature, water",,17,deg C,Actual
Lake Superior,12,Field Msr/Obs,Surface Water,2024-06-08,"Temperature, water",,6.5,deg C,Actual
Lake Ontario,57,Field Msr/Obs,Surface Water,2022-08-11,"Temperature, water",,24,deg C,Actual
Lake Ontario,57,Field Msr/Obs,Surface Water,2022-04-24,"Temperature, water",,6,deg C,Actual
Lake Ontario,57,Field Msr/Obs,Surface Water,2023-04-15,"Temperature, water",,7.5,deg C,Actual
Lake Ontario,74,Field Msr/Obs,Surface Water,2022-08-11,"Temperature, water",,24.5,deg C,Actual
Lake Ontario,74,Field Msr/Obs,Surface Water,2022-04-23,"Temperature, water",,3.5,deg C,Actual
Lake Ontario,74,Field Msr/Obs,Surface Water,2023-04-16,"Temperature, water",,4.5,deg C,Actual
Lake Erie,935,Field Msr/Obs,Surface Water,2022-08-16,"Temperature, water",,23.5,deg C,Actual
Lake Erie,935,Field Msr/Obs,Surface Water,2023-05-09,"Temperature, water",,8.5,deg C,Actual
Lake Erie,935,Field Msr/Obs,Surface Water,2024-08-19,"Temperature, water",,22.5,deg C,Actual
Lake Erie,887,Field Msr/Obs,Surface Water,2024-08-12,"Temperature, water",,23,deg C,Actual
Lake Superior,157,Field Msr/Obs,Surface Water,2024-09-16,"Temperature, water",,19,deg C,Actual
Lake Superior,157,Field Msr/Obs,Surface Water,2024-06-13,"Temperature, water",,4,deg C,Actual
Lake Erie,956,Field Msr/Obs,Surface Water,2022-08-18,"Temperature, water",,24.7,deg C,Actual
Lake Erie,956,Field Msr/Obs,Surface Water,2023-05-18,"Temperature, water",,10,deg C,Actual
Lake Erie,956,Field Msr/Obs,Surface Water,2024-08-15,"Temperature, water",,24,deg C,Actual
Lake Erie,938,Field Msr/Obs,Surface Water,2022-08-16,"Temperature, water",,23.5,deg C,Actual
Lake Erie,938,Field Msr/Obs,Surface Water,2023-05-11,"Temperature, water",,9,deg C,Actual
Lake Erie,938,Field Msr/Obs,Surface Water,2024-08-22,"Temperature, water",,21,deg C,Actual
Lake Ontario,18,Field Msr/Obs,Surface Water,2022-04-25,"Temperature, water",,4,deg C,Actual
Lake Ontario,18,Field Msr/Obs,Surface Water,2023-04-14,"Temperature, water",,3.9,deg C,Actual
Lake Huron,98,Field Msr/Obs,Surface Water,2022-09-20,"Temperature, water",,20.3,deg C,Actual
Lake Huron,98,Field Msr/Obs,Surface Water,2024-08-27,"Temperature, water",,22,deg C,Actual
Lake Ontario,926,Field Msr/Obs,Surface Water,2022-04-27,"Temperature, water",,8.5,deg C,Actual
Lake Ontario,926,Field Msr/Obs,Surface Water,2023-04-18,"Temperature, water",,8.5,deg C,Actual
Lake Superior,171,Field Msr/Obs,Surface Water,2024-06-13,"Temperature, water",,4,deg C,Actual
Lake Superior,171,Field Msr/Obs,Surface Water,2024-09-17,"Temperature, water",,18,deg C,Actual
Lake Superior,68,Field Msr/Obs,Surface Water,2024-06-10,"Temperature, water",,8.5,deg C,Actual
Lake Superior,68,Field Msr/Obs,Surface Water,2024-09-15,"Temperature, water",,18,deg C,Actual
Lake Erie,953,Field Msr/Obs,Surface Water,2022-08-18,"Temperature, water",,24,deg C,Actual
Lake Erie,953,Field Msr/Obs,Surface Water,2023-05-12,"Temperature, water",,11.5,deg C,Actual
Lake Erie,953,Field Msr/Obs,Surface Water,2024-08-23,"Temperature, water",,22,deg C,Actual
Lake Huron,41,Field Msr/Obs,Surface Water,2022-09-18,"Temperature, water",,20,deg C,Actual
Lake Huron,41,Field Msr/Obs,Surface Water,2024-08-29,"Temperature, water",,19,deg C,Actual
Georgian Bay,26,Field Msr/Obs,Surface Water,2022-06-05,"Temperature, water",,8.5,deg C,Actual
Georgian Bay,26,Field Msr/Obs,Surface Water,2022-09-14,"Temperature, water",,18.8,deg C,Actual
Georgian Bay,26,Field Msr/Obs,Surface Water,2024-09-07,"Temperature, water",,15.5,deg C,Actual
Lake Erie,962,Field Msr/Obs,Surface Water,2022-08-19,"Temperature, water",,24.5,deg C,Actual
Lake Erie,962,Field Msr/Obs,Surface Water,2023-05-17,"Temperature, water",,12.5,deg C,Actual
Lake Erie,962,Field Msr/Obs,Surface Water,2024-08-13,"Temperature, water",,24,deg C,Actual
Lake Superior,130,Field Msr/Obs,Surface Water,2024-06-15,"Temperature, water",,7,deg C,Actual
Lake Superior,130,Field Msr/Obs,Surface Water,2024-09-16,"Temperature, water",,17.5,deg C,Actual
Lake Ontario,3,Field Msr/Obs,Surface Water,2022-08-10,"Temperature, water",,22.5,deg C,Actual
Lake Ontario,3,Field Msr/Obs,Surface Water,2022-04-25,"Temperature, water",,5,deg C,Actual
Lake Ontario,3,Field Msr/Obs,Surface Water,2023-04-13,"Temperature, water",,5,deg C,Actual
Georgian Bay,31,Field Msr/Obs,Surface Water,2022-09-14,"Temperature, water",,19.5,deg C,Actual
Georgian Bay,31,Field Msr/Obs,Surface Water,2024-09-09,"Temperature, water",,18,deg C,Actual
Lake Superior,84,Field Msr/Obs,Surface Water,2024-09-23,"Temperature, water",,16,deg C,Actual
Lake Superior,84,Field Msr/Obs,Surface Water,2024-06-17,"Temperature, water",,4,deg C,Actual
Lake Ontario,95,Field Msr/Obs,Surface Water,2022-04-24,"Temperature, water",,4.5,deg C,Actual
Lake Ontario,95,Field Msr/Obs,Surface Water,2023-04-15,"Temperature, water",,5,deg C,Actual
Lake Superior,164,Field Msr/Obs,Surface Water,2024-09-17,"Temperature, water",,18,deg C,Actual
Lake Superior,164,Field Msr/Obs,Surface Water,2024-06-11,"Temperature, water",,10.5,deg C,Actual
Lake Superior,208,Field Msr/Obs,Surface Water,2024-06-12,"Temperature, water",,6,deg C,Actual
Lake Superior,208,Field Msr/Obs,Surface Water,2024-09-18,"Temperature, water",,16,deg C,Actual
Lake Ontario,17,Field Msr/Obs,Surface Water,2022-08-10,"Temperature, water",,22,deg C,Actual
Lake Ontario,17,Field Msr/Obs,Surface Water,2022-04-25,"Temperature, water",,6.5,deg C,Actual
Lake Ontario,17,Field Msr/Obs,Surface Water,2023-04-14,"Temperature, water",,6,deg C,Actual
Lake Huron,59,Field Msr/Obs,Surface Water,2022-09-17,"Temperature, water",,18.5,deg C,Actual
Lake Huron,59,Field Msr/Obs,Surface Water,2024-09-06,"Temperature, water",,17,deg C,Actual
Lake Erie,885,Field Msr/Obs,Surface Water,2022-08-19,"Temperature, water",,24.5,deg C,Actual
Lake Erie,885,Field Msr/Obs,Surface Water,2023-05-16,"Temperature, water",,13.3,deg C,Actual
Lake Erie,885,Field Msr/Obs,Surface Water,2024-08-13,"Temperature, water",,24.5,deg C,Actual
Lake Huron,68,Field Msr/Obs,Surface Water,2022-09-15,"Temperature, water",,18.5,deg C,Actual
Lake Huron,68,Field Msr/Obs,Surface Water,2022-06-03,"Temperature, water",,12.5,deg C,Actual
Lake Huron,68,Field Msr/Obs,Surface Water,2024-09-05,"Temperature, water",,18,deg C,Actual
Lake Superior,218,Field Msr/Obs,Surface Water,2024-09-18,"Temperature, water",,18,deg C,Actual
Lake Superior,218,Field Msr/Obs,Surface Water,2024-06-12,"Temperature, water",,10.5,deg C,Actual
Lake Ontario,6,Field Msr/Obs,Surface Water,2022-04-19,"Temperature, water",,3.6,deg C,Actual
Lake Ontario,6,Field Msr/Obs,Surface Water,2023-04-18,"Temperature, water",,4.5,deg C,Actual
Lake Ontario,12,Field Msr/Obs,Surface Water,2022-04-25,"Temperature, water",,4.8,deg C,Actual
Lake Ontario,12,Field Msr/Obs,Surface Water,2022-08-12,"Temperature, water",,19.5,deg C,Actual
Lake Huron,73,Field Msr/Obs,Surface Water,2022-09-15,"Temperature, water",,18,deg C,Actual
Lake Huron,73,Field Msr/Obs,Surface Water,2022-06-04,"Temperature, water",,6.5,deg C,Actual
Lake Huron,73,Field Msr/Obs,Surface Water,2024-09-05,"Temperature, water",,19,deg C,Actual
Lake Superior,113,Field Msr/Obs,Surface Water,2024-09-16,"Temperature, water",,17,deg C,Actual
Lake Superior,113,Field Msr/Obs,Surface Water,2024-06-15,"Temperature, water",,4,deg C,Actual
Lake Ontario,90,Field Msr/Obs,Surface Water,2023-04-17,"Temperature, water",,7,deg C,Actual
Lake Huron,43,Field Msr/Obs,Surface Water,2022-09-18,"Temperature, water",,20,deg C,Actual
Lake Huron,43,Field Msr/Obs,Surface Water,2022-06-07,"Temperature, water",,3.5,deg C,Actual
Lake Huron,43,Field Msr/Obs,Surface Water,2024-08-29,"Temperature, water",,19,deg C,Actual
Georgian Bay,4,Field Msr/Obs,Surface Water,2022-06-05,"Temperature, water",,12.5,deg C,Actual
Georgian Bay,4,Field Msr/Obs,Surface Water,2022-09-13,"Temperature, water",,21,deg C,Actual
Georgian Bay,4,Field Msr/Obs,Surface Water,2024-09-09,"Temperature, water",,19,deg C,Actual
Lake Huron,1,Field Msr/Obs,Surface Water,2022-05-30,"Temperature, water",,11.75,deg C,Actual
Lake Huron,1,Field Msr/Obs,Surface Water,2022-09-21,"Temperature, water",,21,deg C,Actual
Lake Huron,1,Field Msr/Obs,Surface Water,2024-08-26,"Temperature, water",,22,deg C,Actual
Lake Huron,47,Field Msr/Obs,Surface Water,2022-09-17,"Temperature, water",,19,deg C,Actual
Lake Huron,47,Field Msr/Obs,Surface Water,2024-09-04,"Temperature, water",,18,deg C,Actual
Lake Ontario,87,Field Msr/Obs,Surface Water,2022-04-24,"Temperature, water",,4.5,deg C,Actual
Lake Ontario,87,Field Msr/Obs,Surface Water,2023-04-15,"Temperature, water",,4.4,deg C,Actual
Lake Ontario,33,Field Msr/Obs,Surface Water,2022-04-20,"Temperature, water",,3,deg C,Actual
Lake Ontario,33,Field Msr/Obs,Surface Water,2022-08-11,"Temperature, water",,21.5,deg C,Actual
Lake Ontario,33,Field Msr/Obs,Surface Water,2023-04-14,"Temperature, water",,3.9,deg C,Actual
Lake Huron,7,Field Msr/Obs,Surface Water,2022-09-21,"Temperature, water",,20,deg C,Actual
Lake Huron,7,Field Msr/Obs,Surface Water,2022-05-31,"Temperature, water",,11.3,deg C,Actual
Lake Huron,7,Field Msr/Obs,Surface Water,2024-08-26,"Temperature, water",,22,deg C,Actual
Lake Ontario,24,Field Msr/Obs,Surface Water,2022-04-26,"Temperature, water",,4,deg C,Actual
Lake Ontario,37,Field Msr/Obs,Surface Water,2022-04-26,"Temperature, water",,6,deg C,Actual
Lake Ontario,37,Field Msr/Obs,Surface Water,2023-04-14,"Temperature, water",,7,deg C,Actual
Lake Ontario,11,Field Msr/Obs,Surface Water,2022-04-20,"Temperature, water",,3.5,deg C,Actual
Lake Superior,196,Field Msr/Obs,Surface Water,2024-09-17,"Temperature, water",,19,deg C,Actual
Lake Superior,196,Field Msr/Obs,Surface Water,2024-06-12,"Temperature, water",,11,deg C,Actual
Georgian Bay,11,Field Msr/Obs,Surface Water,2022-06-06,"Temperature, water",,7.5,deg C,Actual
Georgian Bay,11,Field Msr/Obs,Surface Water,2022-09-13,"Temperature, water",,20.5,deg C,Actual
Georgian Bay,11,Field Msr/Obs,Surface Water,2024-09-09,"Temperature, water",,18,deg C,Actual
Lake Erie,1540,Field Msr/Obs,Surface Water,2022-08-18,"Temperature, water",,24.5,deg C,Actual
Lake Erie,1540,Field Msr/Obs,Surface Water,2023-05-18,"Temperature, water",,11.5,deg C,Actual
Lake Erie,1540,Field Msr/Obs,Surface Water,2024-04-18,"Temperature, water",,6.29,deg C,Actual
Lake Erie,1540,Field Msr/Obs,Surface Water,2024-08-16,"Temperature, water",,24,deg C,Actual
Lake Erie,1538,Field Msr/Obs,Surface Water,2022-08-18,"Temperature, water",,24.6,deg C,Actual
Lake Erie,1538,Field Msr/Obs,Surface Water,2023-05-17,"Temperature, water",,12,deg C,Actual
Lake Erie,1538,Field Msr/Obs,Surface Water,2024-08-15,"Temperature, water",,24.5,deg C,Actual
Lake Erie,1538,Field Msr/Obs,Surface Water,2024-04-18,"Temperature, water",,6,deg C,Actual
Lake Erie,1539,Field Msr/Obs,Surface Water,2022-08-19,"Temperature, water",,25,deg C,Actual
Lake Erie,1539,Field Msr/Obs,Surface Water,2023-05-16,"Temperature, water",,13.2,deg C,Actual
Lake Erie,1539,Field Msr/Obs,Surface Water,2024-08-14,"Temperature, water",,24,deg C,Actual
Lake Erie,1539,Field Msr/Obs,Surface Water,2024-04-17,"Temperature, water",,9.63,deg C,Actual
Lake Erie,1534,Field Msr/Obs,Surface Water,2022-08-17,"Temperature, water",,23.5,deg C,Actual
Lake Erie,1534,Field Msr/Obs,Surface Water,2023-05-11,"Temperature, water",,10,deg C,Actual
Lake Erie,1534,Field Msr/Obs,Surface Water,2024-04-19,"Temperature, water",,6.13,deg C,Actual
Lake Erie,1533,Field Msr/Obs,Surface Water,2022-08-16,"Temperature, water",,24.1,deg C,Actual
Lake Erie,1533,Field Msr/Obs,Surface Water,2023-05-11,"Temperature, water",,9,deg C,Actual
Lake Erie,1533,Field Msr/Obs,Surface Water,2024-04-20,"Temperature, water",,5.18,deg C,Actual
Lake Erie,1542,Field Msr/Obs,Surface Water,2022-08-19,"Temperature, water",,24.8,deg C,Actual
Lake Erie,1542,Field Msr/Obs,Surface Water,2024-04-17,"Temperature, water",,8.67,deg C,Actual
Lake Erie,1537,Field Msr/Obs,Surface Water,2022-08-18,"Temperature, water",,25,deg C,Actual
Lake Erie,1537,Field Msr/Obs,Surface Water,2024-04-18,"Temperature, water",,6.09,deg C,Actual
Lake Erie,1537,Field Msr/Obs,Surface Water,2024-08-16,"Temperature, water",,24,deg C,Actual
Lake Erie,1536,Field Msr/Obs,Surface Water,2022-08-18,"Temperature, water",,24.5,deg C,Actual
Lake Erie,1536,Field Msr/Obs,Surface Water,2023-05-18,"Temperature, water",,11.5,deg C,Actual
Lake Erie,1536,Field Msr/Obs,Surface Water,2024-04-18,"Temperature, water",,6.13,deg C,Actual
Lake Erie,1536,Field Msr/Obs,Surface Water,2024-08-15,"Temperature, water",,24.5,deg C,Actual
Lake Erie,1535,Field Msr/Obs,Surface Water,2022-08-17,"Temperature, water",,23.5,deg C,Actual
Lake Erie,1535,Field Msr/Obs,Surface Water,2023-05-11,"Temperature, water",,9.4,deg C,Actual
Lake Erie,1535,Field Msr/Obs,Surface Water,2024-04-19,"Temperature, water",,6.35,deg C,Actual
Lake Erie,1535,Field Msr/Obs,Surface Water,2024-08-13,"Temperature, water",,23,deg C,Actual
Lake Erie,1541,Field Msr/Obs,Surface Water,2022-08-17,"Temperature, water",,23.5,deg C,Actual
Lake Erie,1541,Field Msr/Obs,Surface Water,2024-08-22,"Temperature, water",,22.5,deg C,Actual
Lake Erie,1541,Field Msr/Obs,Surface Water,2024-04-19,"Temperature, water",,6.29,deg C,Actual
Georgian Bay,1614,Field Msr/Obs,Surface Water,2022-09-14,"Temperature, water",,19.5,deg C,Actual
Georgian Bay,1614,Field Msr/Obs,Surface Water,2022-06-06,"Temperature, water",,7.5,deg C,Actual
Georgian Bay,1614,Field Msr/Obs,Surface Water,2024-09-09,"Temperature, water",,17,deg C,Actual
Lake Superior,656,Field Msr/Obs,Surface Water,2024-05-09,"Temperature, water",,3.2,deg C,Actual
Lake Superior,645,Field Msr/Obs,Surface Water,2024-05-08,"Temperature, water",,3.2,deg C,Actual
Lake Superior,643,Field Msr/Obs,Surface Water,2024-05-08,"Temperature, water",,3.14,deg C,Actual
Lake Superior,655,Field Msr/Obs,Surface Water,2024-05-09,"Temperature, water",,2.97,deg C,Actual
Lake Superior,644,Field Msr/Obs,Surface Water,2024-05-08,"Temperature, water",,3.08,deg C,Actual
Lake Superior,653,Field Msr/Obs,Surface Water,2024-05-09,"Temperature, water",,2.92,deg C,Actual
Lake Superior,649,Field Msr/Obs,Surface Water,2024-05-12,"Temperature, water",,3.12,deg C,Actual
Lake Superior,651,Field Msr/Obs,Surface Water,2024-05-12,"Temperature, water",,2.99,deg C,Actual
Lake Superior,652,Field Msr/Obs,Surface Water,2024-05-09,"Temperature, water",,2.73,deg C,Actual
Lake Superior,646,Field Msr/Obs,Surface Water,2024-05-08,"Temperature, water",,3.01,deg C,Actual
Lake Superior,640,Field Msr/Obs,Surface Water,2024-05-13,"Temperature, water",,3.18,deg C,Actual
Lake Superior,639,Field Msr/Obs,Surface Water,2024-05-08,"Temperature, water",,2.98,deg C,Actual
Lake Superior,654,Field Msr/Obs,Surface Water,2024-05-12,"Temperature, water",,2.99,deg C,Actual
Lake Superior,638,Field Msr/Obs,Surface Water,2024-05-07,"Temperature, water",,3.21,deg C,Actual
Lake Superior,647,Field Msr/Obs,Surface Water,2024-05-12,"Temperature, water",,3.21,deg C,Actual
Lake Superior,642,Field Msr/Obs,Surface Water,2024-05-13,"Temperature, water",,3.27,deg C,Actual
