MonitoringLocationName,MonitoringLocationID,MonitoringLocationLatitude,MonitoringLocationLongitude,ActivityStartDate,CharacteristicName,ResultValue,ResultUnit
Lake Ontario,35,43.36,-78.73,2022-04-26,"Temperature, water",6,deg C
Lake Ontario,35,43.36,-78.73,2023-04-14,"Temperature, water",6,deg C
Lake Erie,965,41.5,-82.5,2022-08-19,"Temperature, water",24,deg C
Lake Erie,965,41.5,-82.5,2023-05-16,"Temperature, water",13,deg C
Lake Erie,965,41.5,-82.5,2024-08-13,"Temperature, water",24.8,deg C
Lake Erie,445,42.8,-79.7,2022-08-15,"Temperature, water",24,deg C
Lake Erie,445,42.8,-79.7,2023-05-11,"Temperature, water",9.5,deg C
Lake Erie,445,42.8,-79.7,2024-08-21,"Temperature, water",22,deg C
Lake Huron,83,46,-82.55,2022-09-15,"Temperature, water",19,deg C
Lake Huron,83,46,-82.55,2022-06-04,"Temperature, water",6.5,deg C
Lake Huron,83,46,-82.55,2024-09-06,"Temperature, water",18,deg C
Lake Ontario,29,43.83,-78.87,2022-04-20,"Temperature, water",5.5,deg C
Lake Erie,971,41.95,-83.05,2022-08-20,"Temperature, water",24,deg C
Lake Erie,971,41.95,-83.05,2023-05-16,"Temperature, water",14,deg C
Lake Erie,971,41.95,-83.05,2024-08-14,"Temperature, water",23,deg C
Lake Erie,971,41.95,-83.05,2024-04-17,"Temperature, water",9.31,deg C
Lake Ontario,21,43.3,-79.12,2022-04-26,"Temperature, water",7,deg C
Lake Ontario,21,43.3,-79.12,2023-04-14,"Temperature, water",6,deg C
Lake Ontario,60,43.58,-77.2,2022-04-24,"Temperature, water",4,deg C
Lake Ontario,60,43.58,-77.2,2023-04-15,"Temperature, water",3,deg C
Lake Ontario,43,43.95,-78.05,2022-04-21,"Temperature, water",5.5,deg C
Lake Ontario,43,43.95,-78.05,2023-04-17,"Temperature, water",6,deg C
Lake Ontario,62,43.88,-77,2023-04-17,"Temperature, water",6.5,deg C
Lake Huron,89,45.917,-82.161,2022-09-15,"Temperature, water",19.5,deg C
Lake Huron,89,45.917,-82.161,2024-09-06,"Temperature, water",19,deg C
Lake Ontario,47,43.952,-77.588,2022-04-22,"Temperature, water",4.5,deg C
Lake Ontario,47,43.952,-77.588,2023-04-17,"Temperature, water",6.75,deg C
Lake Huron,76,46,-83.433,2022-09-15,"Temperature, water",17.9,deg C
Lake Huron,76,46,-83.433,2024-09-06,"Temperature, water",18,deg C
Lake Ontario,42,43.84,-78.038,2022-04-21,"Temperature, water",3,deg C
Lake Ontario,42,43.84,-78.038,2023-04-17,"Temperature, water",4,deg C
Georgian Bay,12,44.92,-80.875,2022-09-13,"Temperature, water",20.5,deg C
Georgian Bay,12,44.92,-80.875,2024-09-08,"Temperature, water",18.5,deg C
Lake Superior,115,47.847,-87.457,2024-09-15,"Temperature, water",17,deg C
Lake Huron,13,43.753,-82.568,2022-05-31,"Temperature, water",11.5,deg C
Lake Huron,13,43.753,-82.568,2022-09-20,"Temperature, water",21,deg C
Lake Huron,13,43.753,-82.568,2024-08-27,"Temperature, water",22.5,deg C
Lake Ontario,27,43.703,-78.957,2022-04-20,"Temperature, water",3.6,deg C
Lake Ontario,75,43.843,-76.355,2022-04-23,"Temperature, water",5.5,deg C
Lake Ontario,75,43.843,-76.355,2023-04-16,"Temperature, water",10,deg C
Georgian Bay,1,44.718,-80.857,2022-06-06,"Temperature, water",7.5,deg C
Georgian Bay,1,44.718,-80.857,2022-09-13,"Temperature, water",20.3,deg C
Georgian Bay,1,44.718,-80.857,2024-09-08,"Temperature, water",19.5,deg C
Lake Huron,12,43.89,-82.057,2022-09-21,"Temperature, water",21,deg C
Lake Huron,12,43.89,-82.057,2024-08-30,"Temperature, water",21.5,deg C
Lake Superior,212,46.75,-91.675,2024-06-12,"Temperature, water",12,deg C
Lake Superior,212,46.75,-91.675,2024-09-18,"Temperature, water",17.5,deg C
Lake Erie,888,42.281,-81.671,2022-08-18,"Temperature, water",24.5,deg C
Lake Erie,888,42.281,-81.671,2023-05-19,"Temperature, water",10.5,deg C
Lake Erie,888,42.281,-81.671,2024-08-23,"Temperature, water",22.5,deg C
Lake Erie,888,42.281,-81.671,2024-04-18,"Temperature, water",6.25,deg C
Lake Erie,941,42.325,-79.833,2022-08-16,"Temperature, water",24,deg C
Lake Erie,941,42.325,-79.833,2023-05-09,"Temperature, water",10,deg C
Lake Erie,941,42.325,-79.833,2024-08-22,"Temperature, water",22,deg C
Lake Huron,48,45.278,-82.452,2022-09-18,"Temperature, water",19,deg C
Lake Huron,48,45.278,-82.452,2022-06-07,"Temperature, water",3.5,deg C
Lake Huron,48,45.278,-82.452,2024-08-29,"Temperature, water",19,deg C
Lake Huron,5,43.548,-81.745,2022-09-21,"Temperature, water",21,deg C
Lake Huron,5,43.548,-81.745,2024-08-28,"Temperature, water",21.5,deg C
Lake Ontario,58,43.328,-77.438,2022-04-24,"Temperature, water",3.5,deg C
Lake Ontario,58,43.328,-77.438,2023-04-15,"Temperature, water",4,deg C
Lake Huron,84,46.092,-82.557,2022-09-15,"Temperature, water",19,deg C
Lake Huron,84,46.092,-82.557,2022-06-04,"Temperature, water",9,deg C
Lake Huron,84,46.092,-82.557,2024-09-05,"Temperature, water",17.5,deg C
Lake Superior,189,46.845,-90.189,2024-09-17,"Temperature, water",19,deg C
Lake Superior,189,46.845,-90.189,2024-06-11,"Temperature, water",8.5,deg C
Lake Erie,950,42.588,-81.442,2022-08-17,"Temperature, water",23,deg C
Lake Huron,23,44.333,-83.3,2022-06-01,"Temperature, water",11,deg C
Lake Huron,23,44.333,-83.3,2022-09-19,"Temperature, water",17.5,deg C
Lake Huron,23,44.333,-83.3,2024-08-27,"Temperature, water",21,deg C
Lake Erie,952,42.358,-81.442,2022-08-18,"Temperature, water",22.5,deg C
Lake Erie,952,42.358,-81.442,2023-05-12,"Temperature, water",10,deg C
Lake Huron,96,44.126,-83.171,2022-09-20,"Temperature, water",20,deg C
Lake Huron,96,44.126,-83.171,2024-08-27,"Temperature, water",22,deg C
Lake Ontario,726,43.632,-79.379,2022-04-20,"Temperature, water",6.5,deg C
Lake Ontario,726,43.632,-79.379,2023-04-18,"Temperature, water",9,deg C
Lake Erie,947,41.992,-80.642,2022-08-17,"Temperature, water",23.8,deg C
Lake Erie,947,41.992,-80.642,2023-05-11,"Temperature, water",11,deg C
Lake Erie,947,41.992,-80.642,2024-08-22,"Temperature, water",22.5,deg C
Lake Ontario,89,43.698,-76.417,2022-04-23,"Temperature, water",3.5,deg C
Lake Ontario,89,43.698,-76.417,2023-04-16,"Temperature, water",4.5,deg C
Lake Huron,60,45.902,-83.518,2022-09-16,"Temperature, water",18.2,deg C
Lake Huron,60,45.902,-83.518,2024-09-06,"Temperature, water",15,deg C
Lake Ontario,25,43.517,-79.08,2022-04-20,"Temperature, water",3.5,deg C
Lake Huron,11,43.957,-81.787,2022-09-21,"Temperature, water",21,deg C
Lake Huron,11,43.957,-81.787,2024-08-28,"Temperature, water",22,deg C
Lake Ontario,67,43.408,-76.795,2022-04-24,"Temperature, water",3.5,deg C
Lake Ontario,67,43.408,-76.795,2023-04-16,"Temperature, water",4.5,deg C
Georgian Bay,29,45.583,-81.083,2022-09-14,"Temperature, water",19,deg C
Georgian Bay,29,45.583,-81.083,2022-06-05,"Temperature, water",9.5,deg C
Georgian Bay,29,45.583,-81.083,2024-09-07,"Temperature, water",17.5,deg C
Lake Superior,139,48.298,-89.18,2024-06-14,"Temperature, water",11,deg C
Lake Superior,139,48.298,-89.18,2024-09-19,"Temperature, water",17.5,deg C
Lake Huron,64,45.813,-84.755,2022-09-16,"Temperature, water",18.5,deg C
Lake Huron,64,45.813,-84.755,2022-06-03,"Temperature, water",9,deg C
Lake Huron,64,45.813,-84.755,2024-09-05,"Temperature, water",19,deg C
Lake Superior,50,46.508,-86.568,2024-06-09,"Temperature, water",9.3,deg C
Lake Superior,50,46.508,-86.568,2024-09-14,"Temperature, water",17.5,deg C
Lake Huron,67,45.935,-83.9,2022-06-03,"Temperature, water",11,deg C
Lake Huron,67,45.935,-83.9,2022-09-16,"Temperature, water",18.5,deg C
Lake Huron,67,45.935,-83.9,2024-09-05,"Temperature, water",15.5,deg C
Lake Ontario,9,43.587,-79.395,2022-04-20,"Temperature, water",4.2,deg C
Lake Huron,20,44.217,-83.083,2022-09-20,"Temperature, water",20,deg C
Lake Huron,20,44.217,-83.083,2024-08-27,"Temperature, water",21,deg C
Lake Huron,40,44.898,-81.437,2022-09-19,"Temperature, water",20,deg C
Lake Huron,40,44.898,-81.437,2024-08-29,"Temperature, water",19.5,deg C
Lake Ontario,66,43.333,-76.84,2022-04-24,"Temperature, water",5,deg C
Lake Ontario,66,43.333,-76.84,2023-04-15,"Temperature, water",10,deg C
Lake Erie,886,42.538,-79.617,2022-08-16,"Temperature, water",24,deg C
Lake Erie,886,42.538,-79.617,2023-05-09,"Temperature, water",8,deg C
Lake Erie,886,42.538,-79.617,2024-08-19,"Temperature, water",22.5,deg C
Lake Huron,52,45.652,-82.648,2022-09-18,"Temperature, water",19,deg C
Lake Huron,52,45.652,-82.648,2024-09-06,"Temperature, water",16.5,deg C
Lake Erie,954,42.025,-81.442,2022-08-18,"Temperature, water",24.5,deg C
Lake Erie,954,42.025,-81.442,2023-05-18,"Temperature, water",11,deg C
Lake Erie,954,42.025,-81.442,2024-08-15,"Temperature, water",24,deg C
Lake Ontario,725,43.638,-79.362,2022-04-20,"Temperature, water",6,deg C
Lake Ontario,725,43.638,-79.362,2023-04-18,"Temperature, water",9.5,deg C
Georgian Bay,46,45.762,-81.795,2022-09-15,"Temperature, water",18.9,deg C
Georgian Bay,46,45.762,-81.795,2024-09-07,"Temperature, water",17,deg C
Lake Huron,69,46.078,-84.028,2022-06-03,"Temperature, water",13.8,deg C
Lake Huron,69,46.078,-84.028,2022-09-16,"Temperature, water",18.5,deg C
Lake Huron,69,46.078,-84.028,2024-09-05,"Temperature, water",19,deg C
Lake Huron,65,45.845,-84.567,2022-09-16,"Temperature, water",18.5,deg C
Lake Huron,65,45.845,-84.567,2024-09-05,"Temperature, water",19,deg C
Lake Huron,70,46.137,-83.672,2022-06-03,"Temperature, water",11,deg C
Lake Huron,70,46.137,-83.672,2022-09-15,"Temperature, water",18.5,deg C
Lake Huron,70,46.137,-83.672,2024-09-05,"Temperature, water",19,deg C
Lake Superior,92,48.583,-86.565,2024-06-17,"Temperature, water",5,deg C
Lake Superior,92,48.583,-86.565,2024-09-23,"Temperature, water",16.5,deg C
Lake Huron,77,45.97,-83.198,2022-09-15,"Temperature, water",17.5,deg C
Lake Huron,77,45.97,-83.198,2024-09-06,"Temperature, water",18,deg C
Georgian Bay,6,44.737,-80.435,2022-09-13,"Temperature, water",21,deg C
Georgian Bay,6,44.737,-80.435,2022-06-05,"Temperature, water",8,deg C
Georgian Bay,6,44.737,-80.435,2024-09-09,"Temperature, water",18.5,deg C
Lake Ontario,45,43.82,-77.783,2022-04-22,"Temperature, water",3,deg C
Lake Ontario,45,43.82,-77.783,2023-04-17,"Temperature, water",3,deg C
Lake Erie,974,41.725,-83.15,2022-08-20,"Temperature, water",24.5,deg C
Lake Erie,974,41.725,-83.15,2023-05-16,"Temperature, water",14.5,deg C
Lake Erie,974,41.725,-83.15,2024-08-14,"Temperature, water",24,deg C
Lake Erie,974,41.725,-83.15,2024-04-17,"Temperature, water",10.19,deg C
Lake Erie,67,42.845,-79.575,2022-08-15,"Temperature, water",23.5,deg C
Lake Erie,67,42.845,-79.575,2023-05-08,"Temperature, water",11,deg C
Lake Erie,67,42.845,-79.575,2024-08-21,"Temperature, water",20.5,deg C
Lake Erie,937,42.717,-80.25,2022-08-16,"Temperature, water",23,deg C
Lake Erie,937,42.717,-80.25,2023-05-11,"Temperature, water",10.5,deg C
Lake Erie,937,42.717,-80.25,2024-08-22,"Temperature, water",20.5,deg C
Lake Ontario,55,43.443,-77.438,2022-04-24,"Temperature, water",3.5,deg C
Lake Ontario,55,43.443,-77.438,2023-04-15,"Temperature, water",3.5,deg C
Lake Erie,881,41.969,-83.208,2022-08-20,"Temperature, water",24.1,deg C
Lake Erie,881,41.969,-83.208,2023-05-15,"Temperature, water",15,deg C
Lake Erie,881,41.969,-83.208,2024-08-14,"Temperature, water",23.5,deg C
Lake Huron,99,43.908,-83.742,2022-09-20,"Temperature, water",21.5,deg C
Lake Huron,99,43.908,-83.742,2024-08-27,"Temperature, water",23,deg C
Lake Ontario,86,43.255,-79.195,2022-04-25,"Temperature, water",7.5,deg C
Lake Ontario,86,43.255,-79.195,2023-04-14,"Temperature, water",8,deg C
Lake Ontario,22,43.297,-79.005,2022-04-26,"Temperature, water",7,deg C
Lake Ontario,22,43.297,-79.005,2022-08-10,"Temperature, water",25.5,deg C
Lake Ontario,22,43.297,-79.005,2023-04-14,"Temperature, water",7.5,deg C
Lake Huron,82,45.937,-82.758,2022-09-15,"Temperature, water",18.5,deg C
Lake Huron,82,45.937,-82.758,2022-06-04,"Temperature, water",7.7,deg C
Lake Huron,82,45.937,-82.758,2024-09-06,"Temperature, water",18.5,deg C
Lake Huron,71,46.233,-83.747,2022-06-04,"Temperature, water",10,deg C
Lake Huron,71,46.233,-83.747,2022-09-15,"Temperature, water",19,deg C
Lake Huron,71,46.233,-83.747,2024-09-05,"Temperature, water",18.5,deg C
Lake Superior,118,47.607,-87.71,2024-09-15,"Temperature, water",17,deg C
Lake Superior,118,47.607,-87.71,2024-06-10,"Temperature, water",4.5,deg C
Lake Superior,43,47.08,-86.478,2024-06-09,"Temperature, water",4,deg C
Lake Superior,43,47.08,-86.478,2024-09-14,"Temperature, water",16,deg C
Lake Erie,889,42.11,-81.575,2022-08-18,"Temperature, water",24.5,deg C
Lake Erie,889,42.11,-81.575,2023-05-18,"Temperature, water",10.5,deg C
Lake Erie,889,42.11,-81.575,2024-04-18,"Temperature, water",6.06,deg C
Lake Superior,169,47.207,-89.667,2024-09-17,"Temperature, water",19,deg C
Lake Superior,169,47.207,-89.667,2024-06-11,"Temperature, water",3.8,deg C
Lake Huron,17,44.1,-82.867,2022-09-20,"Temperature, water",20.7,deg C
Lake Huron,17,44.1,-82.867,2022-05-31,"Temperature, water",11.5,deg C
Lake Huron,17,44.1,-82.867,2024-08-27,"Temperature, water",22,deg C
Lake Huron,4,43.325,-81.788,2022-09-21,"Temperature, water",21,deg C
Lake Huron,4,43.325,-81.788,2024-08-28,"Temperature, water",22,deg C
Lake Erie,880,41.936,-81.654,2022-08-18,"Temperature, water",24,deg C
Lake Erie,880,41.936,-81.654,2023-05-18,"Temperature, water",11,deg C
Lake Erie,880,41.936,-81.654,2024-08-13,"Temperature, water",27,deg C
Lake Ontario,54,43.413,-77.575,2022-04-24,"Temperature, water",3.9,deg C
Lake Ontario,54,43.413,-77.575,2023-04-15,"Temperature, water",4,deg C
Lake Superior,152,47.688,-89.467,2024-09-17,"Temperature, water",16.5,deg C
Lake Superior,152,47.688,-89.467,2024-06-13,"Temperature, water",4,deg C
Lake Erie,958,41.525,-81.708,2022-08-18,"Temperature, water",24.6,deg C
Lake Erie,958,41.525,-81.708,2023-05-18,"Temperature, water",11,deg C
Lake Erie,958,41.525,-81.708,2024-08-15,"Temperature, water",23.5,deg C
Lake Huron,9,43.633,-82.217,2022-05-31,"Temperature, water",6.5,deg C
Lake Huron,9,43.633,-82.217,2022-09-20,"Temperature, water",21,deg C
Lake Huron,9,43.633,-82.217,2024-08-27,"Temperature, water",22,deg C
Lake Ontario,30,43.83,-78.662,2022-04-21,"Temperature, water",4,deg C
Lake Ontario,32,43.783,-78.438,2022-04-21,"Temperature, water",3,deg C
Lake Huron,58,45.867,-83.267,2022-09-16,"Temperature, water",18,deg C
Lake Huron,58,45.867,-83.267,2024-09-06,"Temperature, water",17.5,deg C
Lake Superior,127,47.848,-88.337,2024-09-16,"Temperature, water",17.5,deg C
Lake Superior,127,47.848,-88.337,2024-06-15,"Temperature, water",3.7,deg C
Georgian Bay,17,45.245,-80.875,2022-06-06,"Temperature, water",4,deg C
Georgian Bay,17,45.245,-80.875,2022-09-13,"Temperature, water",20,deg C
Georgian Bay,17,45.245,-80.875,2024-09-09,"Temperature, water",17.5,deg C
Lake Erie,944,42.533,-80.642,2022-08-17,"Temperature, water",23.8,deg C
Lake Erie,944,42.533,-80.642,2023-05-09,"Temperature, water",10,deg C
Lake Erie,944,42.533,-80.642,2024-08-22,"Temperature, water",21,deg C
Lake Superior,185,47.1,-90.463,2024-06-12,"Temperature, water",9.5,deg C
Lake Superior,185,47.1,-90.463,2024-09-18,"Temperature, water",19,deg C
Georgian Bay,15,45.167,-80.297,2022-06-05,"Temperature, water",8,deg C
Georgian Bay,15,45.167,-80.297,2022-09-13,"Temperature, water",20.3,deg C
Georgian Bay,15,45.167,-80.297,2024-09-10,"Temperature, water",15,deg C
Lake Ontario,53,43.35,-77.712,2022-04-24,"Temperature, water",6,deg C
Lake Ontario,53,43.35,-77.712,2023-04-15,"Temperature, water",7,deg C
Lake Huron,36,45.04,-83.378,2022-06-02,"Temperature, water",14,deg C
Lake Huron,36,45.04,-83.378,2022-09-17,"Temperature, water",20,deg C
Lake Huron,36,45.04,-83.378,2024-09-04,"Temperature, water",19,deg C
Lake Ontario,65,43.423,-76.883,2022-04-24,"Temperature, water",3,deg C
Lake Ontario,65,43.423,-76.883,2023-04-16,"Temperature, water",5.5,deg C
Lake Erie,959,42.195,-82.183,2022-08-18,"Temperature, water",24,deg C
Lake Erie,959,42.195,-82.183,2023-05-17,"Temperature, water",10,deg C
Lake Erie,959,42.195,-82.183,2024-08-16,"Temperature, water",24.5,deg C
Georgian Bay,24,45.679,-80.839,2022-06-05,"Temperature, water",9.5,deg C
Georgian Bay,24,45.679,-80.839,2022-09-14,"Temperature, water",18.9,deg C
Georgian Bay,24,45.679,-80.839,2024-09-07,"Temperature, water",17,deg C
Lake Erie,964,41.483,-82.183,2022-08-19,"Temperature, water",24,deg C
Lake Erie,964,41.483,-82.183,2023-05-18,"Temperature, water",13,deg C
Lake Erie,964,41.483,-82.183,2024-08-15,"Temperature, water",24,deg C
Lake Ontario,1001,43.287,-79.843,2022-04-27,"Temperature, water",8,deg C
Lake Ontario,1001,43.287,-79.843,2023-04-18,"Temperature, water",9,deg C
Lake Superior,138,48.417,-88.933,2024-06-14,"Temperature, water",10,deg C
Lake Superior,138,48.417,-88.933,2024-09-21,"Temperature, water",19,deg C
Lake Ontario,909,43.281,-79.873,2022-04-27,"Temperature, water",8.5,deg C
Lake Ontario,909,43.281,-79.873,2023-04-18,"Temperature, water",7.5,deg C
Lake Huron,56,45.517,-84.083,2022-09-16,"Temperature, water",18.5,deg C
Lake Huron,56,45.517,-84.083,2024-09-04,"Temperature, water",19,deg C
Lake Erie,972,41.867,-83.2,2022-08-20,"Temperature, water",24.1,deg C
Lake Erie,972,41.867,-83.2,2023-05-16,"Temperature, water",14,deg C
Lake Erie,972,41.867,-83.2,2024-04-17,"Temperature, water",10.75,deg C
Lake Erie,972,41.867,-83.2,2024-08-14,"Temperature, water",24,deg C
Lake Huron,87,46.061,-82.197,2022-06-04,"Temperature, water",9.5,deg C
Lake Huron,87,46.061,-82.197,2022-09-15,"Temperature, water",19.5,deg C
Lake Huron,87,46.061,-82.197,2024-09-06,"Temperature, water",18,deg C
Lake Superior,2,46.543,-84.748,2024-06-08,"Temperature, water",10,deg C
Lake Superior,2,46.543,-84.748,2024-09-13,"Temperature, water",18,deg C
Lake Erie,966,41.983,-82.625,2022-08-19,"Temperature, water",24.5,deg C
Lake Erie,966,41.983,-82.625,2023-05-17,"Temperature, water",13,deg C
Lake Erie,966,41.983,-82.625,2024-08-15,"Temperature, water",25,deg C
Georgian Bay,9,44.872,-79.968,2022-09-13,"Temperature, water",21,deg C
Georgian Bay,9,44.872,-79.968,2022-06-05,"Temperature, water",14.5,deg C
Georgian Bay,9,44.872,-79.968,2024-09-10,"Temperature, water",18.5,deg C
Lake Huron,14,43.942,-82.667,2022-09-20,"Temperature, water",21,deg C
Lake Huron,14,43.942,-82.667,2024-08-27,"Temperature, water",21,deg C
Lake Ontario,59,43.382,-77.298,2022-04-24,"Temperature, water",3.5,deg C
Lake Ontario,59,43.382,-77.298,2023-04-15,"Temperature, water",5,deg C
Lake Erie,960,42.1,-82.183,2022-08-18,"Temperature, water",24,deg C
Lake Erie,960,42.1,-82.183,2023-05-17,"Temperature, water",10,deg C
Lake Erie,960,42.1,-82.183,2024-08-16,"Temperature, water",24,deg C
Lake Superior,137,48.302,-88.95,2024-09-21,"Temperature, water",17.5,deg C
Lake Superior,137,48.302,-88.95,2024-06-14,"Temperature, water",8,deg C
Lake Erie,945,42.4,-80.642,2022-08-17,"Temperature, water",23,deg C
Lake Erie,945,42.4,-80.642,2023-05-10,"Temperature, water",8.4,deg C
Lake Erie,945,42.4,-80.642,2024-08-22,"Temperature, water",22,deg C
Lake Erie,1163,41.469,-82.714,2023-05-16,"Temperature, water",17,deg C
Lake Erie,1163,41.469,-82.714,2024-08-14,"Temperature, water",24,deg C
Lake Huron,8,43.567,-82.485,2022-05-31,"Temperature, water",11.5,deg C
Lake Huron,8,43.567,-82.485,2022-09-20,"Temperature, water",21.5,deg C
Lake Huron,8,43.567,-82.485,2024-08-26,"Temperature, water",22,deg C
Lake Huron,29,44.367,-81.833,2022-06-07,"Temperature, water",4,deg C
Lake Huron,29,44.367,-81.833,2022-09-19,"Temperature, water",20,deg C
Lake Huron,29,44.367,-81.833,2024-08-29,"Temperature, water",20.5,deg C
Lake Ontario,31,43.887,-78.46,2022-04-21,"Temperature, water",5,deg C
Lake Ontario,31,43.887,-78.46,2023-04-18,"Temperature, water",6,deg C
Lake Erie,932,42.791,-79.208,2022-08-15,"Temperature, water",23.8,deg C
Lake Erie,932,42.791,-79.208,2023-05-08,"Temperature, water",9,deg C
Lake Erie,932,42.791,-79.208,2024-08-12,"Temperature, water",24,deg C
Lake Huron,42,45.222,-81.82,2022-09-18,"Temperature, water",19.5,deg C
Lake Huron,42,45.222,-81.82,2024-09-07,"Temperature, water",18,deg C
Lake Erie,1237,42.766,-79.556,2022-08-16,"Temperature, water",24,deg C
Lake Erie,1237,42.766,-79.556,2023-05-09,"Temperature, water",9,deg C
Lake Erie,1237,42.766,-79.556,2024-08-20,"Temperature, water",22.7,deg C
Lake Superior,192,46.7,-90.032,2024-06-11,"Temperature, water",11,deg C
Lake Superior,192,46.7,-90.032,2024-09-17,"Temperature, water",18.5,deg C
Lake Superior,125,47.605,-88.217,2024-09-16,"Temperature, water",18,deg C
Lake Superior,125,47.605,-88.217,2024-06-11,"Temperature, water",3.5,deg C
Lake Ontario,73,43.633,-76.288,2022-04-23,"Temperature, water",3.9,deg C
Lake Ontario,73,43.633,-76.288,2023-04-16,"Temperature, water",5.5,deg C
Lake Ontario,918,43.286,-79.794,2022-04-27,"Temperature, water",9,deg C
Lake Ontario,918,43.286,-79.794,2023-04-18,"Temperature, water",8.5,deg C
Lake Huron,95,44.213,-83.371,2022-06-01,"Temperature, water",16,deg C
Lake Huron,95,44.213,-83.371,2022-09-20,"Temperature, water",20.5,deg C
Lake Huron,95,44.213,-83.371,2024-08-27,"Temperature, water",22,deg C
Lake Superior,51,46.517,-87.337,2024-09-14,"Temperature, water",18,deg C
Lake Superior,51,46.517,-87.337,2024-06-09,"Temperature, water",8,deg C
Lake Huron,10,43.753,-81.782,2022-09-21,"Temperature, water",21,deg C
Lake Huron,10,43.753,-81.782,2024-08-28,"Temperature, water",21.5,deg C
Lake Ontario,78,44.083,-76.407,2022-04-23,"Temperature, water",4.5,deg C
Lake Ontario,78,44.083,-76.407,2023-04-16,"Temperature, water",4.5,deg C
Lake Erie,951,42.475,-81.442,2022-08-17,"Temperature, water",23,deg C
Lake Erie,951,42.475,-81.442,2023-05-12,"Temperature, water",11,deg C
Lake Erie,969,41.608,-82.925,2022-08-19,"Temperature, water",25.5,deg C
Lake Erie,969,41.608,-82.925,2024-08-14,"Temperature, water",24,deg C
Lake Ontario,94,43.325,-77.217,2022-04-24,"Temperature, water",4.5,deg C
Lake Ontario,94,43.325,-77.217,2023-04-15,"Temperature, water",5.5,deg C
Lake Erie,948,41.957,-80.642,2022-08-17,"Temperature, water",24,deg C
Lake Erie,948,41.957,-80.642,2023-05-11,"Temperature, water",10,deg C
Lake Erie,948,41.957,-80.642,2024-08-22,"Temperature, water",23,deg C
Georgian Bay,36,45.708,-81.62,2022-09-14,"Temperature, water",19,deg C
Georgian Bay,36,45.708,-81.62,2024-09-07,"Temperature, water",17,deg C
Lake Huron,100,43.825,-83.817,2022-09-20,"Temperature, water",21.5,deg C
Lake Huron,100,43.825,-83.817,2022-06-01,"Temperature, water",19,deg C
Lake Huron,100,43.825,-83.817,2024-08-27,"Temperature, water",23,deg C
Lake Huron,27,44.198,-82.503,2022-09-20,"Temperature, water",20.1,deg C
Lake Huron,27,44.198,-82.503,2024-09-03,"Temperature, water",20,deg C
Lake Erie,449,42.767,-79.967,2022-08-16,"Temperature, water",23,deg C
Lake Erie,449,42.767,-79.967,2024-08-22,"Temperature, water",21,deg C
Georgian Bay,8,44.953,-80.149,2022-09-13,"Temperature, water",21,deg C
Georgian Bay,8,44.953,-80.149,2024-09-09,"Temperature, water",18.5,deg C
Lake Ontario,1,43.313,-79.752,2022-04-19,"Temperature, water",4,deg C
Lake Ontario,1,43.313,-79.752,2023-04-18,"Temperature, water",4.5,deg C
Lake Ontario,76,43.95,-76.175,2022-04-23,"Temperature, water",7.5,deg C
Lake Ontario,76,43.95,-76.175,2023-04-16,"Temperature, water",10,deg C
Lake Ontario,80,44.142,-76.61,2022-04-23,"Temperature, water",4,deg C
Lake Ontario,80,44.142,-76.61,2023-04-17,"Temperature, water",4,deg C
Lake Superior,180,47.467,-90.905,2024-09-18,"Temperature, water",19,deg C
Lake Superior,180,47.467,-90.905,2024-06-13,"Temperature, water",4,deg C
Lake Huron,38,44.74,-82.057,2022-06-07,"Temperature, water",4,deg C
Lake Huron,38,44.74,-82.057,2022-09-19,"Temperature, water",20.2,deg C
Lake Huron,38,44.74,-82.057,2024-08-30,"Temperature, water",20,deg C
Georgian Bay,5,44.797,-80.243,2022-09-13,"Temperature, water",21.5,deg C
Georgian Bay,5,44.797,-80.243,2024-09-09,"Temperature, water",19,deg C
Lake Ontario,69,43.607,-76.713,2022-04-23,"Temperature, water",4,deg C
Lake Ontario,69,43.607,-76.713,2023-04-16,"Temperature, water",4,deg C
Georgian Bay,19,45.067,-81.254,2022-09-13,"Temperature, water",19,deg C
Georgian Bay,19,45.067,-81.254,2024-09-08,"Temperature, water",19,deg C
Lake Ontario,88,43.588,-76.417,2022-04-23,"Temperature, water",3.5,deg C
Lake Ontario,88,43.588,-76.417,2023-04-16,"Temperature, water",3.8,deg C
Lake Superior,5,46.733,-84.793,2024-06-08,"Temperature, water",10,deg C
Lake Superior,5,46.733,-84.793,2024-09-13,"Temperature, water",19,deg C
Lake Erie,970,41.825,-82.975,2022-08-19,"Temperature, water",25.1,deg C
Lake Erie,970,41.825,-82.975,2023-05-17,"Temperature, water",12.8,deg C
Lake Erie,970,41.825,-82.975,2024-08-14,"Temperature, water",24,deg C
Lake Ontario,82,44.067,-76.812,2023-04-17,"Temperature, water",4,deg C
Georgian Bay,27,45.867,-81,2022-06-05,"Temperature, water",8,deg C
Georgian Bay,27,45.867,-81,2022-09-14,"Temperature, water",18.9,deg C
Georgian Bay,27,45.867,-81,2024-09-07,"Temperature, water",16,deg C
Lake Huron,79,46.123,-82.886,2022-06-04,"Temperature, water",10,deg C
Lake Huron,79,46.123,-82.886,2022-09-15,"Temperature, water",18.5,deg C
Lake Huron,79,46.123,-82.886,2024-09-05,"Temperature, water",16,deg C
Lake Ontario,96,43.223,-79.447,2022-04-25,"Temperature, water",6,deg C
Lake Ontario,96,43.223,-79.447,2023-04-13,"Temperature, water",5.5,deg C
Lake Erie,946,42.167,-80.642,2022-08-17,"Temperature, water",23.5,deg C
Lake Erie,946,42.167,-80.642,2023-05-10,"Temperature, water",10,deg C
Lake Erie,946,42.167,-80.642,2024-08-13,"Temperature, water",22.5,deg C
Lake Huron,33,44.5,-82.833,2022-09-19,"Temperature, water",20.2,deg C
Lake Huron,33,44.5,-82.833,2024-09-04,"Temperature, water",19.5,deg C
Lake Superior,216,46.907,-91.82,2024-09-18,"Temperature, water",18.5,deg C
Lake Superior,216,46.907,-91.82,2024-06-13,"Temperature, water",7,deg C
Lake Erie,963,41.575,-82.183,2022-08-19,"Temperature, water",24,deg C
Lake Erie,963,41.575,-82.183,2023-05-18,"Temperature, water",12,deg C
Lake Erie,963,41.575,-82.183,2024-08-15,"Temperature, water",24,deg C
Lake Huron,34,44.64,-83.232,2022-09-19,"Temperature, water",20,deg C
Lake Huron,34,44.64,-83.232,2022-06-01,"Temperature, water",10.4,deg C
Lake Huron,34,44.64,-83.232,2024-09-04,"Temperature, water",20,deg C
Lake Ontario,91,43.92,-78.307,2022-04-21,"Temperature, water",5,deg C
Lake Ontario,91,43.92,-78.307,2023-04-18,"Temperature, water",5.5,deg C
Lake Huron,66,45.863,-84.295,2022-06-03,"Temperature, water",5.2,deg C
Lake Huron,66,45.863,-84.295,2022-09-16,"Temperature, water",18.5,deg C
Lake Huron,66,45.863,-84.295,2024-09-05,"Temperature, water",18.5,deg C
Lake Ontario,10,43.668,-79.267,2022-04-20,"Temperature, water",4,deg C
Lake Ontario,10,43.668,-79.267,2023-04-18,"Temperature, water",4.5,deg C
Lake Ontario,70,43.542,-76.618,2022-04-23,"Temperature, water",3.5,deg C
Lake Ontario,70,43.542,-76.618,2022-08-11,"Temperature, water",24,deg C
Lake Ontario,70,43.542,-76.618,2023-04-16,"Temperature, water",5,deg C
Lake Ontario,23,43.37,-79.067,2022-04-26,"Temperature, water",4,deg C
Lake Ontario,23,43.37,-79.067,2023-04-14,"Temperature, water",4,deg C
Lake Ontario,64,43.525,-76.927,2022-08-11,"Temperature, water",24,deg C
Lake Ontario,64,43.525,-76.927,2022-04-24,"Temperature, water",4,deg C
Lake Ontario,64,43.525,-76.927,2023-04-16,"Temperature, water",3.5,deg C
Lake Superior,201,47.132,-91.112,2024-09-18,"Temperature, water",18.5,deg C
Lake Superior,201,47.132,-91.112,2024-06-12,"Temperature, water",4.5,deg C
Lake Erie,957,41.683,-81.742,2022-08-18,"Temperature, water",25,deg C
Lake Erie,957,41.683,-81.742,2024-08-15,"Temperature, water",24,deg C
Lake Huron,94,44.069,-83.081,2022-09-20,"Temperature, water",20.5,deg C
Lake Huron,94,44.069,-83.081,2024-08-27,"Temperature, water",22,deg C
Lake Huron,61,45.75,-83.917,2022-09-16,"Temperature, water",18,deg C
Lake Huron,61,45.75,-83.917,2024-09-04,"Temperature, water",18,deg C
Lake Superior,160,47.367,-88.818,2024-06-11,"Temperature, water",5,deg C
Lake Superior,160,47.367,-88.818,2024-09-16,"Temperature, water",18.5,deg C
Lake Superior,105,48.733,-87.563,2024-06-15,"Temperature, water",5,deg C
Lake Superior,105,48.733,-87.563,2024-09-21,"Temperature, water",17,deg C
Lake Huron,3,43.257,-82.038,2022-05-31,"Temperature, water",13,deg C
Lake Huron,3,43.257,-82.038,2022-09-21,"Temperature, water",21,deg C
Lake Huron,3,43.257,-82.038,2024-08-28,"Temperature, water",22,deg C
Georgian Bay,21,45.365,-81.19,2022-09-14,"Temperature, water",19.2,deg C
Georgian Bay,21,45.365,-81.19,2022-06-06,"Temperature, water",4.5,deg C
Georgian Bay,21,45.365,-81.19,2024-09-09,"Temperature, water",17.5,deg C
Lake Huron,88,46.056,-82,2022-09-15,"Temperature, water",20,deg C
Lake Huron,88,46.056,-82,2024-09-06,"Temperature, water",19.5,deg C
Lake Huron,39,44.657,-81.378,2022-09-19,"Temperature, water",20,deg C
Lake Huron,39,44.657,-81.378,2024-08-29,"Temperature, water",20,deg C
Lake Ontario,79,44.075,-76.522,2022-04-23,"Temperature, water",4,deg C
Lake Ontario,79,44.075,-76.522,2023-04-17,"Temperature, water",4.5,deg C
Lake Huron,44,45.017,-82.685,2022-09-18,"Temperature, water",19.8,deg C
Lake Huron,44,45.017,-82.685,2022-06-02,"Temperature, water",3,deg C
Lake Huron,44,45.017,-82.685,2024-08-29,"Temperature, water",20,deg C
Lake Erie,933,42.825,-79.567,2022-08-15,"Temperature, water",23.5,deg C
Lake Erie,933,42.825,-79.567,2023-05-09,"Temperature, water",10,deg C
Lake Erie,933,42.825,-79.567,2024-08-20,"Temperature, water",22,deg C
Lake Superior,221,46.782,-92.054,2024-05-10,"Temperature, water",4.9,deg C
Lake Superior,221,46.782,-92.054,2024-06-12,"Temperature, water",11.5,deg C
Lake Superior,221,46.782,-92.054,2024-09-18,"Temperature, water",19.5,deg C
Lake Ontario,15,43.317,-79.443,2022-04-25,"Temperature, water",5,deg C
Lake Ontario,15,43.317,-79.443,2023-04-13,"Temperature, water",4.5,deg C
Lake Ontario,2,43.34,-79.665,2022-04-19,"Temperature, water",3.6,deg C
Lake Ontario,2,43.34,-79.665,2023-04-13,"Temperature, water",4,deg C
Lake Erie,939,42.567,-79.917,2022-08-16,"Temperature, water",24,deg C
Lake Erie,939,42.567,-79.917,2023-05-19,"Temperature, water",8.7,deg C
Lake Erie,939,42.567,-79.917,2024-08-22,"Temperature, water",21.5,deg C
Lake Superior,177,47.7458,-90.235,2024-09-19,"Temperature, water",18.5,deg C
Lake Superior,177,47.7458,-90.235,2024-06-13,"Temperature, water",4.5,deg C
Lake Superior,23,47.213,-85.633,2024-06-09,"Temperature, water",4.5,deg C
Lake Superior,23,47.213,-85.633,2024-09-13,"Temperature, water",14.5,deg C
Lake Superior,57,46.933,-87.305,2024-06-10,"Temperature, water",4.5,deg C
Lake Superior,57,46.933,-87.305,2024-09-14,"Temperature, water",16.5,deg C
Lake Huron,63,45.703,-84.512,2022-09-16,"Temperature, water",18.5,deg C
Lake Huron,63,45.703,-84.512,2022-06-03,"Temperature, water",11,deg C
Lake Huron,63,45.703,-84.512,2024-09-05,"Temperature, water",18.5,deg C
Lake Ontario,39,43.487,-78,2022-04-24,"Temperature, water",3.5,deg C
Lake Ontario,39,43.487,-78,2023-04-15,"Temperature, water",4.3,deg C
Lake Ontario,56,43.36,-77.515,2022-04-24,"Temperature, water",3.2,deg C
Lake Ontario,56,43.36,-77.515,2023-04-15,"Temperature, water",4,deg C
Lake Ontario,49,43.772,-77.438,2023-04-17,"Temperature, water",3,deg C
Lake Ontario,13,43.417,-79.4,2022-04-25,"Temperature, water",5,deg C
Lake Superior,11,47.31,-84.658,2024-06-18,"Temperature, water",10,deg C
Lake Superior,11,47.31,-84.658,2024-09-23,"Temperature, water",18,deg C
Lake Ontario,28,43.775,-78.855,2022-04-20,"Temperature, water",4,deg C
Lake Huron,62,45.675,-84.187,2022-06-02,"Temperature, water",7.5,deg C
Lake Huron,62,45.675,-84.187,2022-09-16,"Temperature, water",18.2,deg C
Lake Huron,62,45.675,-84.187,2024-09-05,"Temperature, water",18.5,deg C
Lake Ontario,98,43.935,-76.232,2022-04-23,"Temperature, water",5.5,deg C
Lake Ontario,98,43.935,-76.232,2023-04-16,"Temperature, water",6.5,deg C
Lake Ontario,41,43.717,-78.027,2022-08-12,"Temperature, water",23,deg C
Lake Ontario,41,43.717,-78.027,2022-04-21,"Temperature, water",2.75,deg C
Lake Ontario,41,43.717,-78.027,2023-04-14,"Temperature, water",3,deg C
Lake Erie,936,42.475,-79.409,2022-08-16,"Temperature, water",24,deg C
Lake Erie,936,42.475,-79.409,2023-05-09,"Temperature, water",8.5,deg C
Lake Erie,936,42.475,-79.409,2024-08-19,"Temperature, water",23,deg C
Lake Ontario,97,43.962,-76.122,2022-04-23,"Temperature, water",8,deg C
Lake Ontario,97,43.962,-76.122,2023-04-16,"Temperature, water",10,deg C
Lake Erie,942,42.259,-79.833,2022-08-16,"Temperature, water",24.5,deg C
Lake Erie,942,42.259,-79.833,2023-05-09,"Temperature, water",10,deg C
Lake Erie,942,42.259,-79.833,2024-08-22,"Temperature, water",22,deg C
Lake Huron,32,44.453,-82.342,2022-09-19,"Temperature, water",19.8,deg C
Lake Huron,32,44.453,-82.342,2022-06-07,"Temperature, water",5,deg C
Lake Huron,32,44.453,-82.342,2024-08-30,"Temperature, water",20.5,deg C
Lake Ontario,26,43.608,-79.017,2022-04-20,"Temperature, water",3.1,deg C
Lake Ontario,26,43.608,-79.017,2022-08-12,"Temperature, water",19.5,deg C
Lake Huron,101,43.821,-83.625,2022-09-20,"Temperature, water",21.5,deg C
Lake Huron,101,43.821,-83.625,2022-06-01,"Temperature, water",18.5,deg C
Lake Huron,101,43.821,-83.625,2024-08-27,"Temperature, water",23,deg C
Lake Ontario,40,43.59,-78.012,2022-08-11,"Temperature, water",23,deg C
Lake Ontario,40,43.59,-78.012,2022-04-25,"Temperature, water",3.5,deg C
Lake Ontario,40,43.59,-78.012,2023-04-15,"Temperature, water",3.7,deg C
Lake Ontario,93,43.327,-78.868,2022-04-26,"Temperature, water",6.5,deg C
Lake Ontario,93,43.327,-78.868,2023-04-14,"Temperature, water",7.5,deg C
Lake Erie,943,42.575,-80.642,2022-08-17,"Temperature, water",23.8,deg C
Lake Erie,943,42.575,-80.642,2023-05-09,"Temperature, water",10.5,deg C
Lake Erie,943,42.575,-80.642,2024-08-22,"Temperature, water",21,deg C
Lake Ontario,20,43.338,-79.197,2022-04-26,"Temperature, water",4.5,deg C
Lake Ontario,20,43.338,-79.197,2023-04-14,"Temperature, water",4,deg C
Lake Ontario,77,43.957,-76.408,2022-04-23,"Temperature, water",3.5,deg C
Lake Ontario,77,43.957,-76.408,2023-04-16,"Temperature, water",7,deg C
Lake Ontario,36,43.492,-78.387,2022-04-26,"Temperature, water",3,deg C
Lake Ontario,36,43.492,-78.387,2023-04-14,"Temperature, water",3.8,deg C
Lake Erie,967,41.892,-82.667,2022-08-19,"Temperature, water",24.6,deg C
Lake Erie,967,41.892,-82.667,2023-05-17,"Temperature, water",12.5,deg C
Lake Erie,967,41.892,-82.667,2024-04-17,"Temperature, water",8.41,deg C
Lake Erie,967,41.892,-82.667,2024-08-15,"Temperature, water",25,deg C
Lake Erie,934,42.708,-79.508,2022-08-16,"Temperature, water",24,deg C
Lake Erie,934,42.708,-79.508,2023-05-09,"Temperature, water",9,deg C
Lake Erie,934,42.708,-79.508,2024-08-20,"Temperature, water",22.5,deg C
Lake Ontario,14,43.393,-79.487,2022-04-19,"Temperature, water",3.5,deg C
Lake Ontario,72,43.55,-76.525,2022-04-23,"Temperature, water",3.5,deg C
Lake Ontario,72,43.55,-76.525,2023-04-16,"Temperature, water",5,deg C
Lake Erie,1236,42.811,-79.565,2022-08-15,"Temperature, water",24,deg C
Lake Erie,1236,42.811,-79.565,2023-05-09,"Temperature, water",9.5,deg C
Lake Erie,1236,42.811,-79.565,2024-08-20,"Temperature, water",22.2,deg C
Lake Superior,149,47.883,-89.64,2024-09-19,"Temperature, water",18,deg C
Lake Superior,149,47.883,-89.64,2024-06-14,"Temperature, water",3.6,deg C
Georgian Bay,3,44.725,-80.617,2022-09-13,"Temperature, water",20.8,deg C
Georgian Bay,3,44.725,-80.617,2024-09-09,"Temperature, water",18.5,deg C
Lake Ontario,85,43.75,-79.083,2022-04-20,"Temperature, water",4,deg C
Lake Ontario,85,43.75,-79.083,2023-04-18,"Temperature, water",4.5,deg C
Lake Huron,54,45.517,-83.417,2022-09-17,"Temperature, water",18,deg C
Lake Huron,54,45.517,-83.417,2022-06-02,"Temperature, water",3,deg C
Lake Huron,54,45.517,-83.417,2024-09-04,"Temperature, water",19,deg C
Lake Ontario,5,43.425,-79.658,2022-04-19,"Temperature, water",4.8,deg C
Lake Ontario,5,43.425,-79.658,2023-04-18,"Temperature, water",5,deg C
Lake Huron,30,44.467,-81.453,2022-09-19,"Temperature, water",20.5,deg C
Lake Huron,30,44.467,-81.453,2024-08-29,"Temperature, water",21,deg C
Lake Huron,55,45.425,-83.652,2022-09-17,"Temperature, water",18.7,deg C
Lake Huron,55,45.425,-83.652,2024-09-04,"Temperature, water",18.5,deg C
Lake Erie,961,41.908,-82.183,2022-08-19,"Temperature, water",24.3,deg C
Lake Erie,961,41.908,-82.183,2023-05-17,"Temperature, water",10.5,deg C
Lake Erie,961,41.908,-82.183,2024-08-16,"Temperature, water",24,deg C
Lake Superior,106,48.575,-88.117,2024-06-15,"Temperature, water",5,deg C
Lake Superior,106,48.575,-88.117,2024-09-21,"Temperature, water",17.5,deg C
Lake Superior,17,46.713,-85.818,2024-09-14,"Temperature, water",18,deg C
Lake Superior,17,46.713,-85.818,2024-06-09,"Temperature, water",9,deg C
Lake Erie,879,42.507,-79.9,2022-08-16,"Temperature, water",24,deg C
Lake Erie,879,42.507,-79.9,2023-05-09,"Temperature, water",8.7,deg C
Lake Erie,940,42.442,-79.833,2022-08-16,"Temperature, water",24,deg C
Lake Erie,940,42.442,-79.833,2024-08-22,"Temperature, water",22,deg C
Lake Erie,940,42.442,-79.833,2024-04-19,"Temperature, water",4.55,deg C
Lake Huron,50,45.535,-82.045,2022-09-18,"Temperature, water",19,deg C
Lake Huron,50,45.535,-82.045,2024-09-07,"Temperature, water",17,deg C
Lake Ontario,16,43.272,-79.36,2022-04-25,"Temperature, water",5.1,deg C
Lake Ontario,16,43.272,-79.36,2023-04-14,"Temperature, water",4,deg C
Lake Ontario,84,43.887,-76.733,2022-08-12,"Temperature, water",24,deg C
Lake Ontario,84,43.887,-76.733,2023-04-17,"Temperature, water",3.5,deg C
Lake Erie,968,41.742,-82.733,2022-08-19,"Temperature, water",24.4,deg C
Lake Erie,968,41.742,-82.733,2023-05-17,"Temperature, water",13,deg C
Lake Erie,968,41.742,-82.733,2024-08-15,"Temperature, water",25,deg C
Lake Superior,97,48.438,-87.253,2024-09-16,"Temperature, water",15.5,deg C
Lake Ontario,61,43.787,-77.158,2022-08-12,"Temperature, water",24,deg C
Lake Ontario,61,43.787,-77.158,2023-04-17,"Temperature, water",3,deg C
Lake Superior,31,47.918,-84.913,2024-06-18,"Temperature, water",9.5,deg C
Lake Superior,31,47.918,-84.913,2024-09-23,"Temperature, water",18,deg C
Lake Erie,931,42.849,-78.941,2022-08-15,"Temperature, water",23.9,deg C
Lake Erie,931,42.849,-78.941,2023-05-08,"Temperature, water",9,deg C
Lake Erie,931,42.849,-78.941,2024-08-12,"Temperature, water",25,deg C
Lake Ontario,68,43.53,-76.732,2023-04-16,"Temperature, water",4.5,deg C
Georgian Bay,33,45.37,-81.585,2022-06-06,"Temperature, water",7,deg C
Georgian Bay,33,45.37,-81.585,2022-09-14,"Temperature, water",19,deg C
Georgian Bay,33,45.37,-81.585,2024-09-09,"Temperature, water",17.5,deg C
Lake Erie,955,41.8,-81.442,2022-08-18,"Temperature, water",23.9,deg C
Lake Erie,955,41.8,-81.442,2023-05-18,"Temperature, water",10.5,deg C
Lake Erie,955,41.8,-81.442,2024-08-15,"Temperature, water",24,deg C
Lake Superior,39,47.69,-85.967,2024-09-23,"Temperature, water",12.5,deg C
Lake Superior,39,47.69,-85.967,2024-06-17,"Temperature, water",5,deg C
Lake Ontario,38,43.383,-77.99,2022-04-24,"Temperature, water",6,deg C
Lake Ontario,38,43.383,-77.99,2022-08-11,"Temperature, water",23.5,deg C
Lake Ontario,38,43.383,-77.99,2023-04-15,"Temperature, water",8,deg C
Georgian Bay,122,45.325,-80.117,2022-09-12,"Temperature, water",22,deg C
Georgian Bay,122,45.325,-80.117,2024-09-10,"Temperature, water",18,deg C
Lake Ontario,71,43.477,-76.527,2022-04-23,"Temperature, water",7,deg C
Lake Ontario,71,43.477,-76.527,2023-04-16,"Temperature, water",9,deg C
Lake Ontario,19,43.383,-79.285,2022-04-25,"Temperature, water",4,deg C
Lake Superior,80,47.583,-86.952,2024-06-10,"Temperature, water",4,deg C
Lake Superior,80,47.583,-86.952,2024-09-15,"Temperature, water",16,deg C
Lake Superior,155,47.803,-89.147,2024-06-13,"Temperature, water",6.5,deg C
Lake Superior,155,47.803,-89.147,2024-09-16,"Temperature, water",17.5,deg C
Lake Superior,100,48.757,-86.976,2024-06-16,"Temperature, water",5.5,deg C
Lake Superior,100,48.757,-86.976,2024-09-22,"Temperature, water",17,deg C
Lake Ontario,52,43.433,-77.712,2022-04-24,"Temperature, water",4,deg C
Lake Ontario,52,43.433,-77.712,2023-04-15,"Temperature, water",4,deg C
Lake Erie,949,42.25,-81.108,2022-08-17,"Temperature, water",23.5,deg C
Lake Erie,949,42.25,-81.108,2023-05-11,"Temperature, water",10,deg C
Lake Erie,949,42.25,-81.108,2024-04-19,"Temperature, water",6.11,deg C
Georgian Bay,35,45.528,-81.669,2022-09-14,"Temperature, water",19,deg C
Lake Huron,97,44.115,-83.529,2022-09-20,"Temperature, water",20.5,deg C
Lake Huron,97,44.115,-83.529,2024-08-27,"Temperature, water",22.5,deg C
Lake Ontario,34,43.462,-78.76,2022-04-26,"Temperature, water",4,deg C
Lake Ontario,34,43.462,-78.76,2023-04-14,"Temperature, water",3.5,deg C
Lake Ontario,7,43.547,-79.488,2022-04-19,"Temperature, water",3.8,deg C
Lake Ontario,7,43.547,-79.488,2023-04-18,"Temperature, water",4.8,deg C
Lake Erie,727,42.817,-79.383,2022-08-15,"Temperature, water",24,deg C
Lake Erie,727,42.817,-79.383,2023-05-08,"Temperature, water",9,deg C
Lake Erie,727,42.817,-79.383,2024-08-19,"Temperature, water",20,deg C
Lake Ontario,81,44.017,-76.672,2022-04-23,"Temperature, water",3.5,deg C
Lake Ontario,81,44.017,-76.672,2023-04-17,"Temperature, water",3.8,deg C
Lake Ontario,8,43.623,-79.453,2022-04-20,"Temperature, water",4.8,deg C
Lake Ontario,8,43.623,-79.453,2023-04-18,"Temperature, water",6.5,deg C
Lake Erie,882,41.766,-83.31,2022-08-20,"Temperature, water",24.5,deg C
Lake Erie,882,41.766,-83.31,2023-05-16,"Temperature, water",15.5,deg C
Lake Erie,882,41.766,-83.31,2024-08-14,"Temperature, water",24,deg C
Lake Superior,140,48.15,-89.148,2024-06-14,"Temperature, water",9,deg C
Lake Superior,140,48.15,-89.148,2024-09-19,"Temperature, water",18,deg C
Georgian Bay,42,45.913,-81.595,2022-06-04,"Temperature, water",9.2,deg C
Georgian Bay,42,45.913,-81.595,2022-09-14,"Temperature, water",19,deg C
Georgian Bay,42,45.913,-81.595,2024-09-07,"Temperature, water",17.5,deg C
Georgian Bay,16,45.354,-80.487,2022-06-05,"Temperature, water",9.3,deg C
Georgian Bay,16,45.354,-80.487,2022-09-12,"Temperature, water",20.5,deg C
Georgian Bay,16,45.354,-80.487,2024-09-10,"Temperature, water",16,deg C
Lake Superior,76,47.402,-87.412,2024-06-10,"Temperature, water",4,deg C
Lake Superior,76,47.402,-87.412,2024-09-15,"Temperature, water",17.5,deg C
Georgian Bay,39,45.873,-81.258,2022-09-14,"Temperature, water",18.9,deg C
Georgian Bay,39,45.873,-81.258,2024-09-07,"Temperature, water",16.5,deg C
Lake Superior,95,48.218,-87.017,2024-06-15,"Temperature, water",4,deg C
Lake Superior,95,48.218,-87.017,2024-09-15,"Temperature, water",15,deg C
Lake Ontario,63,43.732,-77.017,2022-04-23,"Temperature, water",4,deg C
Lake Ontario,63,43.732,-77.017,2023-04-17,"Temperature, water",3.5,deg C
Lake Superior,12,47.037,-85.103,2024-09-13,"Temperature, water",17,deg C
Lake Superior,12,47.037,-85.103,2024-06-08,"Temperature, water",6.5,deg C
Lake Ontario,57,43.275,-77.592,2022-08-11,"Temperature, water",24,deg C
Lake Ontario,57,43.275,-77.592,2022-04-24,"Temperature, water",6,deg C
Lake Ontario,57,43.275,-77.592,2023-04-15,"Temperature, water",7.5,deg C
Lake Ontario,74,43.75,-76.518,2022-08-11,"Temperature, water",24.5,deg C
Lake Ontario,74,43.75,-76.518,2022-04-23,"Temperature, water",3.5,deg C
Lake Ontario,74,43.75,-76.518,2023-04-16,"Temperature, water",4.5,deg C
Lake Erie,935,42.591,-79.466,2022-08-16,"Temperature, water",23.5,deg C
Lake Erie,935,42.591,-79.466,2023-05-09,"Temperature, water",8.5,deg C
Lake Erie,935,42.591,-79.466,2024-08-19,"Temperature, water",22.5,deg C
Lake Erie,887,42.647,-79.692,2024-08-12,"Temperature, water",23,deg C
Lake Superior,157,47.613,-89,2024-09-16,"Temperature, water",19,deg C
Lake Superior,157,47.613,-89,2024-06-13,"Temperature, water",4,deg C
Lake Erie,956,41.692,-81.442,2022-08-18,"Temperature, water",24.7,deg C
Lake Erie,956,41.692,-81.442,2023-05-18,"Temperature, water",10,deg C
Lake Erie,956,41.692,-81.442,2024-08-15,"Temperature, water",24,deg C
Lake Erie,938,42.634,-80.059,2022-08-16,"Temperature, water",23.5,deg C
Lake Erie,938,42.634,-80.059,2023-05-11,"Temperature, water",9,deg C
Lake Erie,938,42.634,-80.059,2024-08-22,"Temperature, water",21,deg C
Lake Ontario,18,43.303,-79.278,2022-04-25,"Temperature, water",4,deg C
Lake Ontario,18,43.303,-79.278,2023-04-14,"Temperature, water",3.9,deg C
Lake Huron,98,43.976,-83.576,2022-09-20,"Temperature, water",20.3,deg C
Lake Huron,98,43.976,-83.576,2024-08-27,"Temperature, water",22,deg C
Lake Ontario,926,43.305,-79.815,2022-04-27,"Temperature, water",8.5,deg C
Lake Ontario,926,43.305,-79.815,2023-04-18,"Temperature, water",8.5,deg C
Lake Superior,171,47.45,-89.921,2024-06-13,"Temperature, water",4,deg C
Lake Superior,171,47.45,-89.921,2024-09-17,"Temperature, water",18,deg C
Lake Superior,68,47.017,-88.183,2024-06-10,"Temperature, water",8.5,deg C
Lake Superior,68,47.017,-88.183,2024-09-15,"Temperature, water",18,deg C
Lake Erie,953,42.208,-81.442,2022-08-18,"Temperature, water",24,deg C
Lake Erie,953,42.208,-81.442,2023-05-12,"Temperature, water",11.5,deg C
Lake Erie,953,42.208,-81.442,2024-08-23,"Temperature, water",22,deg C
Lake Huron,41,45.083,-81.537,2022-09-18,"Temperature, water",20,deg C
Lake Huron,41,45.083,-81.537,2024-08-29,"Temperature, water",19,deg C
Georgian Bay,26,45.833,-80.9,2022-06-05,"Temperature, water",8.5,deg C
Georgian Bay,26,45.833,-80.9,2022-09-14,"Temperature, water",18.8,deg C
Georgian Bay,26,45.833,-80.9,2024-09-07,"Temperature, water",15.5,deg C
Lake Erie,962,41.717,-82.183,2022-08-19,"Temperature, water",24.5,deg C
Lake Erie,962,41.717,-82.183,2023-05-17,"Temperature, water",12.5,deg C
Lake Erie,962,41.717,-82.183,2024-08-13,"Temperature, water",24,deg C
Lake Superior,130,48.108,-88.458,2024-06-15,"Temperature, water",7,deg C
Lake Superior,130,48.108,-88.458,2024-09-16,"Temperature, water",17.5,deg C
Lake Ontario,3,43.268,-79.62,2022-08-10,"Temperature, water",22.5,deg C
Lake Ontario,3,43.268,-79.62,2022-04-25,"Temperature, water",5,deg C
Lake Ontario,3,43.268,-79.62,2023-04-13,"Temperature, water",5,deg C
Georgian Bay,31,45.238,-81.44,2022-09-14,"Temperature, water",19.5,deg C
Georgian Bay,31,45.238,-81.44,2024-09-09,"Temperature, water",18,deg C
Lake Superior,84,48.113,-86.3,2024-09-23,"Temperature, water",16,deg C
Lake Superior,84,48.113,-86.3,2024-06-17,"Temperature, water",4,deg C
Lake Ontario,95,43.313,-77.001,2022-04-24,"Temperature, water",4.5,deg C
Lake Ontario,95,43.313,-77.001,2023-04-15,"Temperature, water",5,deg C
Lake Superior,164,47.027,-89.038,2024-09-17,"Temperature, water",18,deg C
Lake Superior,164,47.027,-89.038,2024-06-11,"Temperature, water",10.5,deg C
Lake Superior,208,46.938,-91.448,2024-06-12,"Temperature, water",6,deg C
Lake Superior,208,46.938,-91.448,2024-09-18,"Temperature, water",16,deg C
Lake Ontario,17,43.225,-79.272,2022-08-10,"Temperature, water",22,deg C
Lake Ontario,17,43.225,-79.272,2022-04-25,"Temperature, water",6.5,deg C
Lake Ontario,17,43.225,-79.272,2023-04-14,"Temperature, water",6,deg C
Lake Huron,59,45.767,-83.028,2022-09-17,"Temperature, water",18.5,deg C
Lake Huron,59,45.767,-83.028,2024-09-06,"Temperature, water",17,deg C
Lake Erie,885,41.519,-82.641,2022-08-19,"Temperature, water",24.5,deg C
Lake Erie,885,41.519,-82.641,2023-05-16,"Temperature, water",13.3,deg C
Lake Erie,885,41.519,-82.641,2024-08-13,"Temperature, water",24.5,deg C
Lake Huron,68,46.042,-83.853,2022-09-15,"Temperature, water",18.5,deg C
Lake Huron,68,46.042,-83.853,2022-06-03,"Temperature, water",12.5,deg C
Lake Huron,68,46.042,-83.853,2024-09-05,"Temperature, water",18,deg C
Lake Superior,218,46.817,-91.885,2024-09-18,"Temperature, water",18,deg C
Lake Superior,218,46.817,-91.885,2024-06-12,"Temperature, water",10.5,deg C
Lake Ontario,6,43.467,-79.53,2022-04-19,"Temperature, water",3.6,deg C
Lake Ontario,6,43.467,-79.53,2023-04-18,"Temperature, water",4.5,deg C
Lake Ontario,12,43.503,-79.353,2022-04-25,"Temperature, water",4.8,deg C
Lake Ontario,12,43.503,-79.353,2022-08-12,"Temperature, water",19.5,deg C
Lake Huron,73,46.187,-83.355,2022-09-15,"Temperature, water",18,deg C
Lake Huron,73,46.187,-83.355,2022-06-04,"Temperature, water",6.5,deg C
Lake Huron,73,46.187,-83.355,2024-09-05,"Temperature, water",19,deg C
Lake Superior,113,48.145,-87.703,2024-09-16,"Temperature, water",17,deg C
Lake Superior,113,48.145,-87.703,2024-06-15,"Temperature, water",4,deg C
Lake Ontario,90,44.136,-76.825,2023-04-17,"Temperature, water",7,deg C
Lake Huron,43,45.013,-82.008,2022-09-18,"Temperature, water",20,deg C
Lake Huron,43,45.013,-82.008,2022-06-07,"Temperature, water",3.5,deg C
Lake Huron,43,45.013,-82.008,2024-08-29,"Temperature, water",19,deg C
Georgian Bay,4,44.646,-80.167,2022-06-05,"Temperature, water",12.5,deg C
Georgian Bay,4,44.646,-80.167,2022-09-13,"Temperature, water",21,deg C
Georgian Bay,4,44.646,-80.167,2024-09-09,"Temperature, water",19,deg C
Lake Huron,1,43.09,-82.392,2022-05-30,"Temperature, water",11.75,deg C
Lake Huron,1,43.09,-82.392,2022-09-21,"Temperature, water",21,deg C
Lake Huron,1,43.09,-82.392,2024-08-26,"Temperature, water",22,deg C
Lake Huron,47,45.255,-83.347,2022-09-17,"Temperature, water",19,deg C
Lake Huron,47,45.255,-83.347,2024-09-04,"Temperature, water",18,deg C
Lake Ontario,87,43.298,-77.518,2022-04-24,"Temperature, water",4.5,deg C
Lake Ontario,87,43.298,-77.518,2023-04-15,"Temperature, water",4.4,deg C
Lake Ontario,33,43.597,-78.802,2022-04-20,"Temperature, water",3,deg C
Lake Ontario,33,43.597,-78.802,2022-08-11,"Temperature, water",21.5,deg C
Lake Ontario,33,43.597,-78.802,2023-04-14,"Temperature, water",3.9,deg C
Lake Huron,7,43.342,-82.507,2022-09-21,"Temperature, water",20,deg C
Lake Huron,7,43.342,-82.507,2022-05-31,"Temperature, water",11.3,deg C
Lake Huron,7,43.342,-82.507,2024-08-26,"Temperature, water",22,deg C
Lake Ontario,24,43.44,-79.128,2022-04-26,"Temperature, water",4,deg C
Lake Ontario,37,43.392,-78.37,2022-04-26,"Temperature, water",6,deg C
Lake Ontario,37,43.392,-78.37,2023-04-14,"Temperature, water",7,deg C
Lake Ontario,11,43.585,-79.312,2022-04-20,"Temperature, water",3.5,deg C
Lake Superior,196,46.748,-90.703,2024-09-17,"Temperature, water",19,deg C
Lake Superior,196,46.748,-90.703,2024-06-12,"Temperature, water",11,deg C
Georgian Bay,11,44.921,-80.606,2022-06-06,"Temperature, water",7.5,deg C
Georgian Bay,11,44.921,-80.606,2022-09-13,"Temperature, water",20.5,deg C
Georgian Bay,11,44.921,-80.606,2024-09-09,"Temperature, water",18,deg C
Lake Erie,1540,41.9778,-81.7569,2022-08-18,"Temperature, water",24.5,deg C
Lake Erie,1540,41.9778,-81.7569,2023-05-18,"Temperature, water",11.5,deg C
Lake Erie,1540,41.9778,-81.7569,2024-04-18,"Temperature, water",6.29,deg C
Lake Erie,1540,41.9778,-81.7569,2024-08-16,"Temperature, water",24,deg C
Lake Erie,1538,41.7883,-81.945,2022-08-18,"Temperature, water",24.6,deg C
Lake Erie,1538,41.7883,-81.945,2023-05-17,"Temperature, water",12,deg C
Lake Erie,1538,41.7883,-81.945,2024-08-15,"Temperature, water",24.5,deg C
Lake Erie,1538,41.7883,-81.945,2024-04-18,"Temperature, water",6,deg C
Lake Erie,1539,41.685,-82.9333,2022-08-19,"Temperature, water",25,deg C
Lake Erie,1539,41.685,-82.9333,2023-05-16,"Temperature, water",13.2,deg C
Lake Erie,1539,41.685,-82.9333,2024-08-14,"Temperature, water",24,deg C
Lake Erie,1539,41.685,-82.9333,2024-04-17,"Temperature, water",9.63,deg C
Lake Erie,1534,42.43,-81.205,2022-08-17,"Temperature, water",23.5,deg C
Lake Erie,1534,42.43,-81.205,2023-05-11,"Temperature, water",10,deg C
Lake Erie,1534,42.43,-81.205,2024-04-19,"Temperature, water",6.13,deg C
Lake Erie,1533,42.68,-79.6917,2022-08-16,"Temperature, water",24.1,deg C
Lake Erie,1533,42.68,-79.6917,2023-05-11,"Temperature, water",9,deg C
Lake Erie,1533,42.68,-79.6917,2024-04-20,"Temperature, water",5.18,deg C
Lake Erie,1542,41.8408,-82.9167,2022-08-19,"Temperature, water",24.8,deg C
Lake Erie,1542,41.8408,-82.9167,2024-04-17,"Temperature, water",8.67,deg C
Lake Erie,1537,41.965,-82.0417,2022-08-18,"Temperature, water",25,deg C
Lake Erie,1537,41.965,-82.0417,2024-04-18,"Temperature, water",6.09,deg C
Lake Erie,1537,41.965,-82.0417,2024-08-16,"Temperature, water",24,deg C
Lake Erie,1536,41.935,-81.4783,2022-08-18,"Temperature, water",24.5,deg C
Lake Erie,1536,41.935,-81.4783,2023-05-18,"Temperature, water",11.5,deg C
Lake Erie,1536,41.935,-81.4783,2024-04-18,"Temperature, water",6.13,deg C
Lake Erie,1536,41.935,-81.4783,2024-08-15,"Temperature, water",24.5,deg C
Lake Erie,1535,42.0817,-81.0117,2022-08-17,"Temperature, water",23.5,deg C
Lake Erie,1535,42.0817,-81.0117,2023-05-11,"Temperature, water",9.4,deg C
Lake Erie,1535,42.0817,-81.0117,2024-04-19,"Temperature, water",6.35,deg C
Lake Erie,1535,42.0817,-81.0117,2024-08-13,"Temperature, water",23,deg C
Lake Erie,1541,42.1167,-81.25,2022-08-17,"Temperature, water",23.5,deg C
Lake Erie,1541,42.1167,-81.25,2024-08-22,"Temperature, water",22.5,deg C
Lake Erie,1541,42.1167,-81.25,2024-04-19,"Temperature, water",6.29,deg C
Georgian Bay,1614,45.2725,-81.6369,2022-09-14,"Temperature, water",19.5,deg C
Georgian Bay,1614,45.2725,-81.6369,2022-06-06,"Temperature, water",7.5,deg C
Georgian Bay,1614,45.2725,-81.6369,2024-09-09,"Temperature, water",17,deg C
Lake Superior,656,47.37028,-90.85389,2024-05-09,"Temperature, water",3.2,deg C
Lake Superior,645,47.60583,-86.81778,2024-05-08,"Temperature, water",3.2,deg C
Lake Superior,643,48.55861,-86.37694,2024-05-08,"Temperature, water",3.14,deg C
Lake Superior,655,47.51444,-90.15194,2024-05-09,"Temperature, water",2.97,deg C
Lake Superior,644,48.07417,-86.59139,2024-05-08,"Temperature, water",3.08,deg C
Lake Superior,653,47.62139,-89.46306,2024-05-09,"Temperature, water",2.92,deg C
Lake Superior,649,47.85611,-88.04194,2024-05-12,"Temperature, water",3.12,deg C
Lake Superior,651,47.740833,-88.7375,2024-05-12,"Temperature, water",2.99,deg C
Lake Superior,652,48.08275,-89.25333,2024-05-09,"Temperature, water",2.73,deg C
Lake Superior,646,48.43667,-87.08611,2024-05-08,"Temperature, water",3.01,deg C
Lake Superior,640,46.894444,-85.85139,2024-05-13,"Temperature, water",3.18,deg C
Lake Superior,639,47.36056,-85.62056,2024-05-08,"Temperature, water",2.98,deg C
Lake Superior,654,47.16444,-89.66194,2024-05-12,"Temperature, water",2.99,deg C
Lake Superior,638,46.99331,-85.1611,2024-05-07,"Temperature, water",3.21,deg C
Lake Superior,647,47.51417,-87.54611,2024-05-12,"Temperature, water",3.21,deg C
Lake Superior,642,46.77472,-86.55556,2024-05-13,"Temperature, water",3.27,deg C
