MonitoringLocationID,MonitoringLocationName,MonitoringLocationLatitude,MonitoringLocationLongitude,ActivityStartDate,Chloride,Dissolved oxygen (DO),"Temperature, water",Total suspended solids,Turbidity,pH,WQI,Rating,DataType
predicted,Lake Superior,46.5,-87.2,2024-07-01,1.588,11.003,6.925,0.428,0.179,8.349,94.96,Good,Predicted
predicted,Lake Superior,46.5,-86.9,2024-07-01,1.586,10.888,7.04,0.427,0.161,8.373,94.96,Good,Predicted
predicted,Lake Superior,46.5,-86.6,2024-07-01,1.586,10.879,7.074,0.425,0.161,8.374,94.96,Good,Predicted
predicted,Lake Superior,46.5,-84.8,2024-07-01,1.624,10.623,9.859,1.425,0.979,8.185,94.86,Good,Predicted
predicted,Lake Superior,46.8,-92.0,2024-07-01,1.969,10.555,9.435,1.616,2.163,8.186,94.84,Good,Predicted
predicted,Lake Superior,46.8,-91.7,2024-07-01,1.967,10.56,9.408,1.612,2.156,8.187,94.84,Good,Predicted
predicted,Lake Superior,46.8,-91.4,2024-07-01,1.964,10.565,9.38,1.606,2.148,8.187,94.84,Good,Predicted
predicted,Lake Superior,46.8,-91.1,2024-07-01,1.738,10.914,8.116,1.038,1.261,8.221,94.9,Good,Predicted
predicted,Lake Superior,46.8,-90.8,2024-07-01,1.583,11.095,7.95,0.382,0.203,8.231,94.96,Good,Predicted
predicted,Lake Superior,46.8,-90.5,2024-07-01,1.589,10.961,8.973,0.462,0.288,8.245,94.95,Good,Predicted
predicted,Lake Superior,46.8,-90.2,2024-07-01,1.583,10.926,8.85,0.464,0.284,8.219,94.95,Good,Predicted
predicted,Lake Superior,46.8,-89.9,2024-07-01,1.583,10.927,8.793,0.463,0.283,8.22,94.95,Good,Predicted
predicted,Lake Superior,46.8,-87.5,2024-07-01,1.588,10.971,6.843,0.421,0.188,8.355,94.96,Good,Predicted
predicted,Lake Superior,46.8,-87.2,2024-07-01,1.586,11.02,6.818,0.42,0.179,8.351,94.96,Good,Predicted
predicted,Lake Superior,46.8,-86.9,2024-07-01,1.584,10.906,6.906,0.42,0.16,8.376,94.96,Good,Predicted
predicted,Lake Superior,46.8,-86.6,2024-07-01,1.585,10.896,6.942,0.418,0.16,8.376,94.96,Good,Predicted
predicted,Lake Superior,46.8,-86.3,2024-07-01,1.581,10.861,6.33,0.372,0.152,8.328,94.96,Good,Predicted
predicted,Lake Superior,46.8,-86.0,2024-07-01,1.583,10.739,6.7,0.428,0.148,8.297,94.96,Good,Predicted
predicted,Lake Superior,46.8,-85.7,2024-07-01,1.57,10.752,6.838,0.469,0.154,8.27,94.95,Good,Predicted
predicted,Lake Superior,46.8,-85.4,2024-07-01,1.573,10.711,8.011,0.53,0.178,8.194,94.95,Good,Predicted
predicted,Lake Superior,46.8,-85.1,2024-07-01,1.573,10.716,8.052,0.535,0.179,8.191,94.95,Good,Predicted
predicted,Lake Superior,46.8,-84.8,2024-07-01,1.564,10.677,9.096,0.566,0.183,8.189,94.94,Good,Predicted
predicted,Lake Superior,47.1,-91.4,2024-07-01,1.844,10.803,7.925,1.253,1.592,8.244,94.87,Good,Predicted
predicted,Lake Superior,47.1,-91.1,2024-07-01,1.582,11.051,6.949,0.379,0.196,8.257,94.96,Good,Predicted
predicted,Lake Superior,47.1,-90.8,2024-07-01,1.581,11.045,7.004,0.379,0.197,8.257,94.96,Good,Predicted
predicted,Lake Superior,47.1,-90.5,2024-07-01,1.577,11.066,7.542,0.36,0.188,8.254,94.96,Good,Predicted
predicted,Lake Superior,47.1,-90.2,2024-07-01,1.573,10.964,7.372,0.417,0.225,8.226,94.96,Good,Predicted
predicted,Lake Superior,47.1,-89.9,2024-07-01,1.573,10.967,7.319,0.417,0.225,8.225,94.96,Good,Predicted
predicted,Lake Superior,47.1,-89.6,2024-07-01,1.582,10.955,7.498,0.578,0.317,8.212,94.94,Good,Predicted
predicted,Lake Superior,47.1,-89.3,2024-07-01,1.565,11.038,5.54,0.473,0.234,8.276,94.95,Good,Predicted
predicted,Lake Superior,47.1,-89.0,2024-07-01,1.577,11.012,6.427,0.493,0.26,8.305,94.95,Good,Predicted
predicted,Lake Superior,47.1,-88.1,2024-07-01,1.569,11.165,5.182,0.322,0.17,8.404,94.97,Good,Predicted
predicted,Lake Superior,47.1,-87.8,2024-07-01,1.568,11.152,5.059,0.34,0.187,8.374,94.97,Good,Predicted
predicted,Lake Superior,47.1,-87.5,2024-07-01,1.566,11.146,5.11,0.339,0.186,8.387,94.97,Good,Predicted
predicted,Lake Superior,47.1,-87.2,2024-07-01,1.564,11.078,4.954,0.319,0.165,8.343,94.97,Good,Predicted
predicted,Lake Superior,47.1,-86.9,2024-07-01,1.569,10.996,5.072,0.336,0.149,8.355,94.97,Good,Predicted
predicted,Lake Superior,47.1,-86.6,2024-07-01,1.559,11.008,4.197,0.31,0.142,8.306,94.97,Good,Predicted
predicted,Lake Superior,47.1,-86.3,2024-07-01,1.565,10.906,5.189,0.33,0.141,8.292,94.97,Good,Predicted
predicted,Lake Superior,47.1,-86.0,2024-07-01,1.563,10.848,5.776,0.425,0.14,8.317,94.96,Good,Predicted
predicted,Lake Superior,47.1,-85.7,2024-07-01,1.564,10.716,6.713,0.429,0.144,8.247,94.96,Good,Predicted
predicted,Lake Superior,47.1,-85.4,2024-07-01,1.565,10.616,7.903,0.508,0.161,8.2,94.95,Good,Predicted
predicted,Lake Superior,47.1,-85.1,2024-07-01,1.565,10.617,7.951,0.512,0.161,8.198,94.95,Good,Predicted
predicted,Lake Superior,47.1,-84.8,2024-07-01,1.561,10.71,8.198,0.551,0.177,8.132,94.94,Good,Predicted
predicted,Lake Superior,47.4,-91.1,2024-07-01,1.573,11.142,5.661,0.339,0.149,8.27,94.97,Good,Predicted
predicted,Lake Superior,47.4,-90.8,2024-07-01,1.563,11.149,5.301,0.32,0.142,8.248,94.97,Good,Predicted
predicted,Lake Superior,47.4,-90.5,2024-07-01,1.562,11.149,5.307,0.32,0.142,8.245,94.97,Good,Predicted
predicted,Lake Superior,47.4,-90.2,2024-07-01,1.556,11.119,5.156,0.32,0.136,8.215,94.97,Good,Predicted
predicted,Lake Superior,47.4,-89.9,2024-07-01,1.551,11.107,5.113,0.3,0.138,8.198,94.97,Good,Predicted
predicted,Lake Superior,47.4,-89.6,2024-07-01,1.547,11.105,4.15,0.26,0.126,8.273,94.97,Good,Predicted
predicted,Lake Superior,47.4,-89.3,2024-07-01,1.547,11.105,4.161,0.26,0.126,8.278,94.97,Good,Predicted
predicted,Lake Superior,47.4,-89.0,2024-07-01,1.564,10.998,5.445,0.436,0.224,8.306,94.96,Good,Predicted
predicted,Lake Superior,47.4,-88.7,2024-07-01,1.563,11.089,5.847,0.454,0.223,8.343,94.95,Good,Predicted
predicted,Lake Superior,47.4,-87.5,2024-07-01,1.558,11.094,4.102,0.321,0.161,8.354,94.97,Good,Predicted
predicted,Lake Superior,47.4,-87.2,2024-07-01,1.556,11.084,4.196,0.32,0.16,8.364,94.97,Good,Predicted
predicted,Lake Superior,47.4,-86.9,2024-07-01,1.556,11.083,4.191,0.319,0.159,8.362,94.97,Good,Predicted
predicted,Lake Superior,47.4,-86.6,2024-07-01,1.553,10.953,4.291,0.349,0.138,8.309,94.97,Good,Predicted
predicted,Lake Superior,47.4,-86.3,2024-07-01,1.553,10.953,4.307,0.351,0.138,8.307,94.96,Good,Predicted
predicted,Lake Superior,47.4,-86.0,2024-07-01,1.555,10.922,4.779,0.408,0.134,8.273,94.96,Good,Predicted
predicted,Lake Superior,47.4,-85.7,2024-07-01,1.551,10.855,5.933,0.449,0.14,8.258,94.96,Good,Predicted
predicted,Lake Superior,47.4,-85.4,2024-07-01,1.55,10.777,7.033,0.525,0.15,8.24,94.95,Good,Predicted
predicted,Lake Superior,47.4,-85.1,2024-07-01,1.55,10.77,7.118,0.528,0.15,8.237,94.95,Good,Predicted
predicted,Lake Superior,47.4,-84.8,2024-07-01,1.555,10.683,8.098,0.566,0.163,8.189,94.94,Good,Predicted
predicted,Lake Superior,47.7,-90.5,2024-07-01,1.548,11.156,4.031,0.262,0.13,8.206,94.97,Good,Predicted
predicted,Lake Superior,47.7,-90.2,2024-07-01,1.548,11.154,4.027,0.261,0.13,8.205,94.97,Good,Predicted
predicted,Lake Superior,47.7,-89.9,2024-07-01,1.543,11.211,4.496,0.26,0.132,8.19,94.97,Good,Predicted
predicted,Lake Superior,47.7,-89.6,2024-07-01,1.542,11.105,4.416,0.24,0.126,8.22,94.98,Good,Predicted
predicted,Lake Superior,47.7,-89.3,2024-07-01,1.542,11.105,4.432,0.239,0.126,8.222,94.98,Good,Predicted
predicted,Lake Superior,47.7,-89.0,2024-07-01,1.54,11.147,4.652,0.259,0.12,8.324,94.97,Good,Predicted
predicted,Lake Superior,47.7,-88.7,2024-07-01,1.544,11.205,4.536,0.28,0.12,8.347,94.97,Good,Predicted
predicted,Lake Superior,47.7,-88.4,2024-07-01,1.55,11.171,4.124,0.3,0.141,8.374,94.97,Good,Predicted
predicted,Lake Superior,47.7,-88.1,2024-07-01,1.55,11.104,4.506,0.34,0.148,8.334,94.97,Good,Predicted
predicted,Lake Superior,47.7,-87.8,2024-07-01,1.548,11.249,3.943,0.302,0.149,8.335,94.97,Good,Predicted
predicted,Lake Superior,47.7,-87.5,2024-07-01,1.552,11.159,4.007,0.302,0.155,8.306,94.97,Good,Predicted
predicted,Lake Superior,47.7,-87.2,2024-07-01,1.548,11.165,4.103,0.321,0.153,8.282,94.97,Good,Predicted
predicted,Lake Superior,47.7,-86.9,2024-07-01,1.548,11.058,4.291,0.377,0.154,8.332,94.96,Good,Predicted
predicted,Lake Superior,47.7,-86.6,2024-07-01,1.542,11.045,4.207,0.34,0.136,8.367,94.97,Good,Predicted
predicted,Lake Superior,47.7,-86.3,2024-07-01,1.546,10.985,4.312,0.333,0.134,8.334,94.97,Good,Predicted
predicted,Lake Superior,47.7,-86.0,2024-07-01,1.545,10.918,5.34,0.408,0.144,8.32,94.96,Good,Predicted
predicted,Lake Superior,47.7,-85.7,2024-07-01,1.541,10.856,6.512,0.451,0.15,8.308,94.95,Good,Predicted
predicted,Lake Superior,47.7,-85.4,2024-07-01,1.542,10.847,6.628,0.457,0.15,8.302,94.95,Good,Predicted
predicted,Lake Superior,47.7,-85.1,2024-07-01,1.549,10.781,7.177,0.533,0.151,8.246,94.95,Good,Predicted
predicted,Lake Superior,48.0,-89.6,2024-07-01,1.667,10.929,6.777,0.457,0.222,8.204,94.95,Good,Predicted
predicted,Lake Superior,48.0,-89.3,2024-07-01,1.669,10.928,6.821,0.461,0.224,8.203,94.95,Good,Predicted
predicted,Lake Superior,48.0,-88.7,2024-07-01,1.633,11.051,6.832,0.479,0.162,8.222,94.95,Good,Predicted
predicted,Lake Superior,48.0,-88.4,2024-07-01,1.563,11.254,5.242,0.359,0.128,8.233,94.96,Good,Predicted
predicted,Lake Superior,48.0,-88.1,2024-07-01,1.544,11.258,4.553,0.319,0.141,8.277,94.97,Good,Predicted
predicted,Lake Superior,48.0,-87.8,2024-07-01,1.544,11.263,4.537,0.318,0.142,8.277,94.97,Good,Predicted
predicted,Lake Superior,48.0,-87.5,2024-07-01,1.542,11.252,4.041,0.319,0.14,8.248,94.97,Good,Predicted
predicted,Lake Superior,48.0,-87.2,2024-07-01,1.542,11.218,4.097,0.301,0.147,8.299,94.97,Good,Predicted
predicted,Lake Superior,48.0,-86.9,2024-07-01,1.542,11.211,4.093,0.3,0.146,8.302,94.97,Good,Predicted
predicted,Lake Superior,48.0,-86.6,2024-07-01,1.536,11.118,4.382,0.376,0.137,8.372,94.96,Good,Predicted
predicted,Lake Superior,48.0,-86.3,2024-07-01,1.536,11.118,4.391,0.376,0.138,8.376,94.96,Good,Predicted
predicted,Lake Superior,48.0,-86.0,2024-07-01,1.534,11.125,5.445,0.453,0.146,8.416,94.95,Good,Predicted
predicted,Lake Superior,48.3,-89.0,2024-07-01,1.742,10.924,9.022,0.643,0.255,8.171,94.94,Good,Predicted
predicted,Lake Superior,48.3,-88.7,2024-07-01,1.739,10.927,8.996,0.639,0.253,8.171,94.94,Good,Predicted
predicted,Lake Superior,48.3,-88.4,2024-07-01,1.61,11.214,6.822,0.422,0.156,8.195,94.96,Good,Predicted
predicted,Lake Superior,48.3,-88.1,2024-07-01,1.607,11.22,6.738,0.415,0.155,8.196,94.96,Good,Predicted
predicted,Lake Superior,48.3,-87.8,2024-07-01,1.534,11.284,4.988,0.318,0.124,8.221,94.97,Good,Predicted
predicted,Lake Superior,48.3,-87.5,2024-07-01,1.533,11.338,4.674,0.262,0.133,8.187,94.97,Good,Predicted
predicted,Lake Superior,48.3,-87.2,2024-07-01,1.533,11.375,4.677,0.301,0.143,8.223,94.97,Good,Predicted
predicted,Lake Superior,48.3,-86.9,2024-07-01,1.533,11.311,4.491,0.284,0.145,8.289,94.97,Good,Predicted
predicted,Lake Superior,48.3,-86.6,2024-07-01,1.533,11.303,4.495,0.285,0.146,8.295,94.97,Good,Predicted
predicted,Lake Superior,48.3,-86.3,2024-07-01,1.533,11.199,4.673,0.34,0.148,8.348,94.97,Good,Predicted
predicted,Lake Superior,48.6,-88.1,2024-07-01,1.582,11.258,6.155,0.358,0.149,8.213,94.96,Good,Predicted
predicted,Lake Superior,48.6,-87.8,2024-07-01,1.533,11.327,4.717,0.26,0.134,8.187,94.97,Good,Predicted
predicted,Lake Superior,48.6,-87.5,2024-07-01,1.533,11.327,4.718,0.26,0.134,8.185,94.97,Good,Predicted
predicted,Lake Superior,48.6,-87.2,2024-07-01,1.533,11.242,4.908,0.318,0.143,8.239,94.97,Good,Predicted
predicted,Lake Superior,48.6,-86.9,2024-07-01,1.533,11.248,4.726,0.301,0.147,8.293,94.97,Good,Predicted
predicted,Lake Superior,48.6,-86.6,2024-07-01,1.533,11.245,4.719,0.302,0.147,8.298,94.97,Good,Predicted
predicted,Lake Superior,48.6,-86.3,2024-07-01,1.533,11.243,4.711,0.303,0.147,8.302,94.97,Good,Predicted
predicted,Lake Michigan,41.8,-87.4,2024-07-01,16.091,9.451,24.141,7.653,4.209,8.915,54.41,Fair,Predicted
predicted,Lake Michigan,41.8,-87.1,2024-07-01,16.092,9.451,24.141,7.657,4.211,8.916,54.41,Fair,Predicted
predicted,Lake Michigan,41.8,-86.8,2024-07-01,16.093,9.451,24.141,7.66,4.214,8.916,54.41,Fair,Predicted
predicted,Lake Michigan,42.1,-87.4,2024-07-01,17.707,9.614,24.041,7.749,4.231,8.929,55.57,Fair,Predicted
predicted,Lake Michigan,42.1,-87.1,2024-07-01,17.707,9.614,24.041,7.75,4.231,8.929,55.57,Fair,Predicted
predicted,Lake Michigan,42.1,-86.8,2024-07-01,17.708,9.614,24.041,7.75,4.232,8.929,55.57,Fair,Predicted
predicted,Lake Michigan,42.4,-87.7,2024-07-01,17.707,9.615,24.04,7.728,4.218,8.928,55.59,Fair,Predicted
predicted,Lake Michigan,42.4,-87.4,2024-07-01,17.707,9.615,24.04,7.726,4.217,8.928,55.59,Fair,Predicted
predicted,Lake Michigan,42.4,-87.1,2024-07-01,17.708,9.615,24.04,7.723,4.216,8.928,55.59,Fair,Predicted
predicted,Lake Michigan,42.4,-86.8,2024-07-01,17.708,9.615,24.04,7.72,4.214,8.928,55.59,Fair,Predicted
predicted,Lake Michigan,42.4,-86.5,2024-07-01,17.709,9.615,24.04,7.716,4.211,8.928,55.59,Fair,Predicted
predicted,Lake Michigan,42.7,-87.7,2024-07-01,18.973,9.045,21.298,2.629,1.437,8.505,80.36,Good,Predicted
predicted,Lake Michigan,42.7,-87.4,2024-07-01,18.974,9.045,21.297,2.629,1.437,8.505,80.37,Good,Predicted
predicted,Lake Michigan,42.7,-87.1,2024-07-01,18.974,9.045,21.297,2.629,1.437,8.505,80.37,Good,Predicted
predicted,Lake Michigan,42.7,-86.8,2024-07-01,18.974,9.045,21.296,2.629,1.437,8.505,80.38,Good,Predicted
predicted,Lake Michigan,42.7,-86.5,2024-07-01,18.974,9.045,21.296,2.628,1.437,8.505,80.38,Good,Predicted
predicted,Lake Michigan,43.0,-87.7,2024-07-01,18.976,9.045,21.299,2.63,1.437,8.505,80.35,Good,Predicted
predicted,Lake Michigan,43.0,-87.4,2024-07-01,18.977,9.045,21.299,2.63,1.437,8.505,80.35,Good,Predicted
predicted,Lake Michigan,43.0,-87.1,2024-07-01,18.977,9.045,21.298,2.63,1.437,8.505,80.36,Good,Predicted
predicted,Lake Michigan,43.0,-86.8,2024-07-01,18.978,9.045,21.298,2.629,1.437,8.505,80.36,Good,Predicted
predicted,Lake Michigan,43.0,-86.5,2024-07-01,18.978,9.045,21.297,2.629,1.437,8.505,80.37,Good,Predicted
predicted,Lake Michigan,43.3,-87.7,2024-07-01,18.978,9.045,21.3,2.631,1.438,8.505,80.34,Good,Predicted
predicted,Lake Michigan,43.3,-87.4,2024-07-01,18.979,9.045,21.3,2.631,1.438,8.505,80.34,Good,Predicted
predicted,Lake Michigan,43.3,-87.1,2024-07-01,18.98,9.045,21.3,2.63,1.438,8.505,80.34,Good,Predicted
predicted,Lake Michigan,43.3,-86.8,2024-07-01,18.981,9.045,21.3,2.63,1.438,8.505,80.34,Good,Predicted
predicted,Lake Michigan,43.3,-86.5,2024-07-01,18.982,9.045,21.299,2.63,1.438,8.505,80.35,Good,Predicted
predicted,Lake Michigan,43.6,-87.7,2024-07-01,18.98,9.045,21.302,2.631,1.438,8.505,80.33,Good,Predicted
predicted,Lake Michigan,43.6,-87.4,2024-07-01,18.981,9.045,21.302,2.631,1.438,8.505,80.33,Good,Predicted
predicted,Lake Michigan,43.6,-87.1,2024-07-01,18.983,9.045,21.302,2.631,1.438,8.505,80.33,Good,Predicted
predicted,Lake Michigan,43.6,-86.8,2024-07-01,18.984,9.045,21.302,2.631,1.438,8.505,80.33,Good,Predicted
predicted,Lake Michigan,43.6,-86.5,2024-07-01,18.986,9.044,21.302,2.631,1.438,8.505,80.32,Good,Predicted
predicted,Lake Michigan,43.9,-87.7,2024-07-01,18.981,9.044,21.304,2.632,1.438,8.505,80.3,Good,Predicted
predicted,Lake Michigan,43.9,-87.4,2024-07-01,18.983,9.044,21.304,2.632,1.438,8.505,80.3,Good,Predicted
predicted,Lake Michigan,43.9,-87.1,2024-07-01,18.984,9.044,21.304,2.632,1.438,8.505,80.3,Good,Predicted
predicted,Lake Michigan,43.9,-86.8,2024-07-01,18.986,9.044,21.304,2.633,1.439,8.505,80.3,Good,Predicted
predicted,Lake Michigan,43.9,-86.5,2024-07-01,18.988,9.044,21.305,2.633,1.439,8.505,80.3,Good,Predicted
predicted,Lake Michigan,44.2,-87.4,2024-07-01,18.983,9.044,21.305,2.633,1.439,8.505,80.3,Good,Predicted
predicted,Lake Michigan,44.2,-87.1,2024-07-01,18.984,9.044,21.306,2.633,1.439,8.505,80.29,Good,Predicted
predicted,Lake Michigan,44.2,-86.8,2024-07-01,18.713,8.992,21.112,2.595,1.232,8.49,81.97,Good,Predicted
predicted,Lake Michigan,44.2,-86.5,2024-07-01,18.714,8.992,21.113,2.595,1.233,8.49,81.96,Good,Predicted
predicted,Lake Michigan,44.5,-87.4,2024-07-01,12.528,10.056,13.914,1.243,0.653,8.33,94.88,Good,Predicted
predicted,Lake Michigan,44.5,-87.1,2024-07-01,16.151,9.678,16.913,1.802,0.969,8.382,94.01,Good,Predicted
predicted,Lake Michigan,44.5,-86.8,2024-07-01,16.187,9.672,16.958,1.811,0.974,8.383,94.0,Good,Predicted
predicted,Lake Michigan,44.5,-86.5,2024-07-01,16.233,9.664,17.015,1.823,0.981,8.385,93.98,Good,Predicted
predicted,Lake Michigan,44.8,-87.1,2024-07-01,6.266,10.799,8.981,0.39,0.16,8.225,94.96,Good,Predicted
predicted,Lake Michigan,44.8,-86.8,2024-07-01,7.346,10.927,8.455,0.329,0.15,8.187,94.97,Good,Predicted
predicted,Lake Michigan,44.8,-86.5,2024-07-01,7.408,10.931,8.447,0.327,0.15,8.185,94.97,Good,Predicted
predicted,Lake Michigan,44.8,-86.2,2024-07-01,8.501,10.899,9.323,0.346,0.148,8.174,94.97,Good,Predicted
predicted,Lake Michigan,45.1,-87.4,2024-07-01,4.999,10.65,9.23,0.435,0.165,8.288,94.96,Good,Predicted
predicted,Lake Michigan,45.1,-86.8,2024-07-01,6.272,10.797,8.986,0.391,0.16,8.226,94.96,Good,Predicted
predicted,Lake Michigan,45.1,-86.5,2024-07-01,7.36,10.926,8.46,0.33,0.15,8.187,94.97,Good,Predicted
predicted,Lake Michigan,45.1,-86.2,2024-07-01,7.441,10.93,8.45,0.327,0.15,8.185,94.97,Good,Predicted
predicted,Lake Michigan,45.1,-85.9,2024-07-01,8.078,10.952,8.74,0.395,0.182,8.144,94.96,Good,Predicted
predicted,Lake Michigan,45.4,-87.1,2024-07-01,4.925,10.649,9.219,0.437,0.165,8.29,94.96,Good,Predicted
predicted,Lake Michigan,45.4,-86.8,2024-07-01,5.068,10.648,9.245,0.433,0.164,8.287,94.96,Good,Predicted
predicted,Lake Michigan,45.4,-86.5,2024-07-01,6.162,10.837,8.564,0.41,0.158,8.239,94.96,Good,Predicted
predicted,Lake Michigan,45.4,-86.2,2024-07-01,7.37,10.924,8.463,0.33,0.15,8.187,94.97,Good,Predicted
predicted,Lake Michigan,45.4,-85.9,2024-07-01,7.475,10.93,8.448,0.327,0.149,8.185,94.97,Good,Predicted
predicted,Lake Michigan,45.4,-85.6,2024-07-01,8.087,10.951,8.737,0.395,0.182,8.144,94.96,Good,Predicted
predicted,Lake Michigan,45.4,-85.3,2024-07-01,8.073,10.953,8.735,0.395,0.182,8.144,94.96,Good,Predicted
predicted,Lake Michigan,45.4,-85.0,2024-07-01,8.048,10.956,8.732,0.396,0.183,8.143,94.96,Good,Predicted
predicted,Lake Michigan,45.7,-86.8,2024-07-01,4.816,10.647,9.207,0.439,0.165,8.292,94.96,Good,Predicted
predicted,Lake Michigan,45.7,-86.5,2024-07-01,4.992,10.645,9.239,0.434,0.165,8.289,94.96,Good,Predicted
predicted,Lake Michigan,45.7,-86.2,2024-07-01,5.199,10.644,9.274,0.428,0.164,8.286,94.96,Good,Predicted
predicted,Lake Michigan,45.7,-85.9,2024-07-01,7.366,10.923,8.457,0.331,0.15,8.188,94.97,Good,Predicted
predicted,Lake Michigan,45.7,-85.6,2024-07-01,7.514,10.851,9.231,1.139,0.896,8.141,94.89,Good,Predicted
predicted,Lake Michigan,45.7,-85.3,2024-07-01,7.498,10.852,9.228,1.142,0.899,8.14,94.89,Good,Predicted
predicted,Lake Huron,43.3,-82.4,2024-07-01,8.087,8.805,22.0,0.781,0.26,8.37,73.55,Fair,Predicted
predicted,Lake Huron,43.3,-82.1,2024-07-01,8.085,8.835,21.903,0.721,0.291,8.36,74.5,Fair,Predicted
predicted,Lake Huron,43.3,-81.8,2024-07-01,8.084,8.836,21.899,0.717,0.292,8.36,74.54,Fair,Predicted
predicted,Lake Huron,43.3,-79.7,2024-07-01,22.097,9.674,22.567,0.801,0.375,8.375,69.95,Fair,Predicted
predicted,Lake Huron,43.3,-79.4,2024-07-01,23.155,10.126,21.824,0.84,0.39,8.359,77.6,Good,Predicted
predicted,Lake Huron,43.3,-79.1,2024-07-01,23.142,10.129,21.832,0.841,0.39,8.36,77.53,Good,Predicted
predicted,Lake Huron,43.6,-82.4,2024-07-01,8.054,9.256,22.005,0.621,0.194,8.341,74.42,Fair,Predicted
predicted,Lake Huron,43.6,-82.1,2024-07-01,8.02,9.224,21.702,0.421,0.184,8.317,77.19,Good,Predicted
predicted,Lake Huron,43.6,-81.8,2024-07-01,8.019,9.249,21.699,0.439,0.217,8.322,77.26,Good,Predicted
predicted,Lake Huron,43.6,-79.4,2024-07-01,23.031,10.304,21.649,0.763,0.365,8.358,79.27,Good,Predicted
predicted,Lake Huron,43.6,-79.1,2024-07-01,23.14,10.438,21.561,0.838,0.375,8.4,80.1,Good,Predicted
predicted,Lake Huron,43.9,-83.6,2024-07-01,17.28,9.095,21.103,2.512,1.185,8.499,82.29,Good,Predicted
predicted,Lake Huron,43.9,-83.3,2024-07-01,13.099,8.964,21.499,1.785,0.794,8.462,78.41,Good,Predicted
predicted,Lake Huron,43.9,-83.0,2024-07-01,8.237,8.881,21.897,0.66,0.218,8.386,74.66,Fair,Predicted
predicted,Lake Huron,43.9,-82.7,2024-07-01,8.238,8.882,21.896,0.663,0.218,8.386,74.67,Fair,Predicted
predicted,Lake Huron,43.9,-82.4,2024-07-01,8.169,9.263,21.797,0.6,0.188,8.352,76.37,Good,Predicted
predicted,Lake Huron,43.9,-82.1,2024-07-01,8.015,9.28,21.895,0.379,0.15,8.346,75.51,Good,Predicted
predicted,Lake Huron,43.9,-81.8,2024-07-01,8.001,9.259,21.7,0.339,0.179,8.331,77.28,Good,Predicted
predicted,Lake Huron,44.2,-83.3,2024-07-01,8.296,9.165,20.396,0.74,0.238,8.321,89.16,Good,Predicted
predicted,Lake Huron,44.2,-83.0,2024-07-01,8.303,9.227,20.613,0.579,0.21,8.335,87.31,Good,Predicted
predicted,Lake Huron,44.2,-82.7,2024-07-01,8.122,8.863,21.601,0.6,0.202,8.372,77.35,Good,Predicted
predicted,Lake Huron,44.2,-82.4,2024-07-01,7.927,9.782,17.772,0.501,0.168,8.289,94.4,Good,Predicted
predicted,Lake Huron,44.2,-82.1,2024-07-01,7.648,10.316,14.38,0.26,0.124,8.223,94.97,Good,Predicted
predicted,Lake Huron,44.2,-81.8,2024-07-01,7.786,9.801,17.724,0.259,0.138,8.294,94.48,Good,Predicted
predicted,Lake Huron,44.5,-83.3,2024-07-01,8.186,10.008,16.04,0.697,0.231,8.255,94.93,Good,Predicted
predicted,Lake Huron,44.5,-83.0,2024-07-01,8.072,10.002,15.852,0.558,0.202,8.236,94.94,Good,Predicted
predicted,Lake Huron,44.5,-82.7,2024-07-01,7.688,9.819,15.514,0.436,0.153,8.227,94.5,Good,Predicted
predicted,Lake Huron,44.5,-82.4,2024-07-01,7.587,10.324,13.962,0.222,0.115,8.195,94.98,Good,Predicted
predicted,Lake Huron,44.5,-82.1,2024-07-01,7.543,10.793,10.823,0.221,0.114,8.158,94.98,Good,Predicted
predicted,Lake Huron,44.5,-81.8,2024-07-01,7.674,9.832,17.054,0.22,0.128,8.265,94.56,Good,Predicted
predicted,Lake Huron,44.5,-81.5,2024-07-01,7.64,10.282,14.053,0.202,0.126,8.232,94.98,Good,Predicted
predicted,Lake Huron,44.8,-83.3,2024-07-01,7.665,10.28,13.597,0.444,0.172,8.195,94.96,Good,Predicted
predicted,Lake Huron,44.8,-83.0,2024-07-01,7.661,10.289,13.549,0.438,0.171,8.193,94.96,Good,Predicted
predicted,Lake Huron,44.8,-82.7,2024-07-01,7.494,10.559,11.479,0.17,0.116,8.151,94.98,Good,Predicted
predicted,Lake Huron,44.8,-82.4,2024-07-01,7.511,10.689,10.127,0.15,0.114,8.13,94.98,Good,Predicted
predicted,Lake Huron,44.8,-82.1,2024-07-01,7.521,10.574,10.365,0.179,0.106,8.157,94.98,Good,Predicted
predicted,Lake Huron,44.8,-81.8,2024-07-01,7.59,10.192,13.197,0.18,0.134,8.208,94.98,Good,Predicted
predicted,Lake Huron,44.8,-81.5,2024-07-01,7.676,9.709,16.558,0.181,0.137,8.259,94.25,Good,Predicted
predicted,Lake Huron,44.8,-80.9,2024-07-01,7.66,10.395,12.416,0.16,0.121,8.164,94.98,Good,Predicted
predicted,Lake Huron,44.8,-80.6,2024-07-01,8.188,10.897,9.933,0.216,0.125,8.048,94.98,Good,Predicted
predicted,Lake Huron,44.8,-80.3,2024-07-01,8.213,10.889,10.013,0.219,0.126,8.047,94.98,Good,Predicted
predicted,Lake Huron,45.1,-83.3,2024-07-01,7.46,10.807,10.168,0.256,0.125,8.144,94.97,Good,Predicted
predicted,Lake Huron,45.1,-83.0,2024-07-01,7.51,10.519,11.909,0.271,0.116,8.181,94.97,Good,Predicted
predicted,Lake Huron,45.1,-82.7,2024-07-01,7.508,10.519,11.877,0.266,0.116,8.18,94.97,Good,Predicted
predicted,Lake Huron,45.1,-82.4,2024-07-01,7.476,10.761,9.815,0.17,0.104,8.142,94.98,Good,Predicted
predicted,Lake Huron,45.1,-82.1,2024-07-01,7.482,10.494,10.517,0.16,0.1,8.173,94.98,Good,Predicted
predicted,Lake Huron,45.1,-81.8,2024-07-01,7.586,10.139,13.675,0.159,0.131,8.216,94.98,Good,Predicted
predicted,Lake Huron,45.1,-81.2,2024-07-01,7.544,10.639,10.936,0.18,0.126,8.136,94.98,Good,Predicted
predicted,Lake Huron,45.1,-80.9,2024-07-01,7.482,11.175,6.634,0.219,0.096,8.044,94.98,Good,Predicted
predicted,Lake Huron,45.1,-80.6,2024-07-01,7.543,10.945,7.349,0.142,0.094,8.064,94.99,Good,Predicted
predicted,Lake Huron,45.1,-80.3,2024-07-01,8.099,10.899,8.668,0.259,0.118,8.047,94.97,Good,Predicted
predicted,Lake Huron,45.4,-83.6,2024-07-01,7.395,10.907,9.166,0.411,0.183,8.127,94.96,Good,Predicted
predicted,Lake Huron,45.4,-83.3,2024-07-01,7.46,10.742,8.445,0.25,0.112,8.143,94.97,Good,Predicted
predicted,Lake Huron,45.4,-83.0,2024-07-01,7.46,10.735,8.48,0.248,0.112,8.144,94.98,Good,Predicted
predicted,Lake Huron,45.4,-82.7,2024-07-01,7.444,10.682,9.749,0.171,0.102,8.137,94.98,Good,Predicted
predicted,Lake Huron,45.4,-82.4,2024-07-01,7.464,10.595,10.626,0.171,0.104,8.144,94.98,Good,Predicted
predicted,Lake Huron,45.4,-82.1,2024-07-01,7.435,10.888,8.153,0.161,0.106,8.113,94.98,Good,Predicted
predicted,Lake Huron,45.4,-81.8,2024-07-01,7.469,10.49,11.288,0.179,0.11,8.152,94.98,Good,Predicted
predicted,Lake Huron,45.4,-81.5,2024-07-01,7.453,10.867,9.418,0.161,0.11,8.095,94.98,Good,Predicted
predicted,Lake Huron,45.4,-81.2,2024-07-01,7.407,11.308,6.492,0.161,0.104,8.033,94.98,Good,Predicted
predicted,Lake Huron,45.4,-80.9,2024-07-01,7.403,11.105,7.337,0.239,0.106,8.056,94.98,Good,Predicted
predicted,Lake Huron,45.4,-80.6,2024-07-01,7.429,10.944,8.05,0.201,0.104,8.075,94.98,Good,Predicted
predicted,Lake Huron,45.7,-84.5,2024-07-01,7.966,10.961,8.721,0.403,0.186,8.141,94.96,Good,Predicted
predicted,Lake Huron,45.7,-84.2,2024-07-01,7.912,10.964,8.721,0.407,0.187,8.14,94.96,Good,Predicted
predicted,Lake Huron,45.7,-83.9,2024-07-01,7.202,11.106,7.547,0.361,0.179,8.104,94.96,Good,Predicted
predicted,Lake Huron,45.7,-83.6,2024-07-01,6.218,11.034,7.817,0.793,0.377,8.086,94.92,Good,Predicted
predicted,Lake Huron,45.7,-83.3,2024-07-01,5.85,10.91,8.738,0.904,0.409,8.082,94.91,Good,Predicted
predicted,Lake Huron,45.7,-83.0,2024-07-01,6.279,11.231,7.196,0.38,0.171,8.082,94.96,Good,Predicted
predicted,Lake Huron,45.7,-82.7,2024-07-01,6.266,11.232,7.243,0.383,0.172,8.083,94.96,Good,Predicted
predicted,Lake Huron,45.7,-82.4,2024-07-01,6.285,10.907,10.281,0.362,0.15,8.157,94.96,Good,Predicted
predicted,Lake Huron,45.7,-81.5,2024-07-01,7.173,11.051,8.45,0.199,0.144,8.035,94.98,Good,Predicted
predicted,Lake Huron,45.7,-81.2,2024-07-01,7.157,10.965,8.94,0.22,0.144,8.046,94.98,Good,Predicted
predicted,Lake Huron,45.7,-80.9,2024-07-01,7.192,11.089,8.045,0.24,0.134,8.034,94.98,Good,Predicted
predicted,Lake Huron,46.0,-84.5,2024-07-01,6.84,10.744,9.971,1.387,1.04,8.141,94.86,Good,Predicted
predicted,Lake Huron,46.0,-84.2,2024-07-01,4.498,10.675,10.696,1.932,1.307,8.077,94.81,Good,Predicted
predicted,Lake Huron,46.0,-83.9,2024-07-01,4.173,10.496,11.671,1.951,1.359,8.055,94.8,Good,Predicted
predicted,Lake Huron,46.0,-83.3,2024-07-01,5.323,10.901,9.528,0.934,0.438,8.047,94.91,Good,Predicted
predicted,Lake Huron,46.0,-83.0,2024-07-01,5.947,11.25,7.949,0.421,0.188,8.07,94.96,Good,Predicted
predicted,Lake Huron,46.0,-82.7,2024-07-01,5.99,11.234,8.529,0.421,0.182,8.092,94.96,Good,Predicted
predicted,Lake Huron,46.0,-82.4,2024-07-01,5.989,11.237,8.529,0.419,0.181,8.092,94.96,Good,Predicted
predicted,Lake Huron,46.0,-82.1,2024-07-01,6.23,11.279,8.389,0.358,0.16,8.096,94.96,Good,Predicted
predicted,Lake Huron,46.0,-81.8,2024-07-01,6.417,11.241,8.465,0.279,0.158,8.068,94.97,Good,Predicted
predicted,Lake Huron,46.0,-81.5,2024-07-01,6.876,11.083,8.934,0.221,0.149,8.042,94.98,Good,Predicted
predicted,Georgian Bay,44.5,-81.5,2024-07-01,7.64,10.282,14.053,0.202,0.126,8.232,94.98,Good,Predicted
predicted,Georgian Bay,44.8,-81.5,2024-07-01,7.676,9.709,16.558,0.181,0.137,8.259,94.25,Good,Predicted
predicted,Georgian Bay,44.8,-80.9,2024-07-01,7.66,10.395,12.416,0.16,0.121,8.164,94.98,Good,Predicted
predicted,Georgian Bay,44.8,-80.6,2024-07-01,8.188,10.897,9.933,0.216,0.125,8.048,94.98,Good,Predicted
predicted,Georgian Bay,44.8,-80.3,2024-07-01,8.213,10.889,10.013,0.219,0.126,8.047,94.98,Good,Predicted
predicted,Georgian Bay,45.1,-81.2,2024-07-01,7.544,10.639,10.936,0.18,0.126,8.136,94.98,Good,Predicted
predicted,Georgian Bay,45.1,-80.9,2024-07-01,7.482,11.175,6.634,0.219,0.096,8.044,94.98,Good,Predicted
predicted,Georgian Bay,45.1,-80.6,2024-07-01,7.543,10.945,7.349,0.142,0.094,8.064,94.99,Good,Predicted
predicted,Georgian Bay,45.1,-80.3,2024-07-01,8.099,10.899,8.668,0.259,0.118,8.047,94.97,Good,Predicted
predicted,Georgian Bay,45.4,-81.5,2024-07-01,7.453,10.867,9.418,0.161,0.11,8.095,94.98,Good,Predicted
predicted,Georgian Bay,45.4,-81.2,2024-07-01,7.407,11.308,6.492,0.161,0.104,8.033,94.98,Good,Predicted
predicted,Georgian Bay,45.4,-80.9,2024-07-01,7.403,11.105,7.337,0.239,0.106,8.056,94.98,Good,Predicted
predicted,Georgian Bay,45.4,-80.6,2024-07-01,7.429,10.944,8.05,0.201,0.104,8.075,94.98,Good,Predicted
predicted,Georgian Bay,45.7,-81.5,2024-07-01,7.173,11.051,8.45,0.199,0.144,8.035,94.98,Good,Predicted
predicted,Georgian Bay,45.7,-81.2,2024-07-01,7.157,10.965,8.94,0.22,0.144,8.046,94.98,Good,Predicted
predicted,Georgian Bay,45.7,-80.9,2024-07-01,7.192,11.089,8.045,0.24,0.134,8.034,94.98,Good,Predicted
predicted,Lake Erie,41.5,-82.6,2024-07-01,16.165,8.555,24.36,5.359,2.939,8.521,51.24,Fair,Predicted
predicted,Lake Erie,41.5,-82.3,2024-07-01,15.934,7.854,24.0,2.568,1.106,8.334,53.63,Fair,Predicted
predicted,Lake Erie,41.8,-83.2,2024-07-01,14.63,9.138,24.22,8.312,4.626,8.941,53.18,Fair,Predicted
predicted,Lake Erie,41.8,-82.9,2024-07-01,13.437,9.646,22.559,3.456,1.767,8.634,69.77,Fair,Predicted
predicted,Lake Erie,41.8,-82.6,2024-07-01,13.378,9.048,24.76,2.953,1.434,8.589,48.38,Poor,Predicted
predicted,Lake Erie,41.8,-82.3,2024-07-01,15.062,8.035,24.279,1.798,0.864,8.291,51.44,Fair,Predicted
predicted,Lake Erie,41.8,-82.0,2024-07-01,14.918,8.428,24.321,1.816,0.823,8.358,51.62,Fair,Predicted
predicted,Lake Erie,41.8,-81.7,2024-07-01,14.76,8.183,24.42,1.507,0.496,8.325,50.39,Fair,Predicted
predicted,Lake Erie,41.8,-81.4,2024-07-01,16.019,9.161,24.219,2.437,0.715,8.525,53.57,Fair,Predicted
predicted,Lake Erie,42.1,-82.3,2024-07-01,14.708,7.723,24.1,2.355,0.733,8.401,52.55,Fair,Predicted
predicted,Lake Erie,42.1,-82.0,2024-07-01,14.808,7.77,24.2,1.951,0.726,8.3,51.75,Fair,Predicted
predicted,Lake Erie,42.1,-81.7,2024-07-01,14.761,9.114,24.3,1.49,0.49,8.504,52.8,Fair,Predicted
predicted,Lake Erie,42.1,-81.4,2024-07-01,14.76,8.857,23.8,1.349,0.544,8.487,57.04,Fair,Predicted
predicted,Lake Erie,42.1,-81.1,2024-07-01,14.551,8.581,23.2,1.335,0.673,8.315,62.1,Fair,Predicted
predicted,Lake Erie,42.1,-80.8,2024-07-01,14.786,7.821,23.26,1.121,0.538,8.299,60.28,Fair,Predicted
predicted,Lake Erie,42.1,-80.5,2024-07-01,15.285,7.528,23.259,1.383,0.548,8.27,59.78,Fair,Predicted
predicted,Lake Erie,42.4,-81.7,2024-07-01,14.883,6.206,23.101,2.148,0.785,8.094,58.85,Fair,Predicted
predicted,Lake Erie,42.4,-81.4,2024-07-01,14.722,6.532,23.197,1.618,0.633,8.044,58.62,Fair,Predicted
predicted,Lake Erie,42.4,-81.1,2024-07-01,14.686,7.594,23.102,1.388,0.605,8.219,61.29,Fair,Predicted
predicted,Lake Erie,42.4,-80.8,2024-07-01,14.663,7.591,22.163,1.687,0.707,8.369,69.6,Fair,Predicted
predicted,Lake Erie,42.4,-80.5,2024-07-01,14.663,7.591,22.163,1.687,0.707,8.369,69.6,Fair,Predicted
predicted,Lake Erie,42.4,-80.2,2024-07-01,15.763,8.518,21.579,0.82,0.398,8.319,76.81,Good,Predicted
predicted,Lake Erie,42.4,-79.9,2024-07-01,15.763,8.409,21.187,0.88,0.398,8.394,80.14,Good,Predicted
predicted,Lake Erie,42.4,-79.6,2024-07-01,15.76,8.388,23.4,1.006,0.394,8.486,59.97,Fair,Predicted
predicted,Lake Erie,42.7,-80.2,2024-07-01,15.7,8.619,21.801,-0.609,0.498,8.435,75.11,Good,Predicted
predicted,Lake Erie,42.7,-79.9,2024-07-01,15.876,8.387,22.519,-0.875,0.424,8.344,68.12,Fair,Predicted
predicted,Lake Erie,42.7,-79.6,2024-07-01,15.896,8.392,23.46,0.952,0.33,8.346,59.44,Fair,Predicted
predicted,Lake Erie,42.7,-79.3,2024-07-01,16.24,8.52,23.66,0.91,0.292,8.428,57.83,Fair,Predicted
predicted,Lake Erie,42.7,-79.0,2024-07-01,16.673,8.42,24.14,0.951,0.32,8.44,53.3,Fair,Predicted
predicted,Lake Ontario,43.3,-79.5,2024-07-01,23.16,10.125,21.821,0.84,0.39,8.358,77.63,Good,Predicted
predicted,Lake Ontario,43.3,-79.2,2024-07-01,23.147,10.128,21.83,0.841,0.39,8.36,77.55,Good,Predicted
predicted,Lake Ontario,43.3,-77.7,2024-07-01,22.705,9.748,23.505,0.937,0.534,8.401,61.23,Fair,Predicted
predicted,Lake Ontario,43.3,-77.4,2024-07-01,22.741,9.476,23.705,1.039,0.553,8.382,58.91,Fair,Predicted
predicted,Lake Ontario,43.3,-77.1,2024-07-01,22.74,9.321,23.904,1.278,0.691,8.357,56.8,Fair,Predicted
predicted,Lake Ontario,43.6,-79.2,2024-07-01,23.141,10.438,21.557,0.839,0.375,8.399,80.14,Good,Predicted
predicted,Lake Ontario,43.6,-78.9,2024-07-01,23.137,10.439,21.569,0.836,0.375,8.4,80.02,Good,Predicted
predicted,Lake Ontario,43.6,-78.6,2024-07-01,22.802,10.527,22.462,0.758,0.421,8.399,71.55,Fair,Predicted
predicted,Lake Ontario,43.6,-78.3,2024-07-01,22.848,10.452,22.129,0.74,0.407,8.38,74.72,Fair,Predicted
predicted,Lake Ontario,43.6,-78.0,2024-07-01,22.795,10.015,23.01,0.8,0.458,8.423,66.35,Fair,Predicted
predicted,Lake Ontario,43.6,-77.7,2024-07-01,22.676,9.726,23.492,1.073,0.612,8.373,61.31,Fair,Predicted
predicted,Lake Ontario,43.6,-77.4,2024-07-01,22.978,9.853,23.605,1.206,0.697,8.355,60.44,Fair,Predicted
predicted,Lake Ontario,43.6,-77.1,2024-07-01,22.956,9.261,24.097,1.696,0.963,8.24,54.89,Fair,Predicted
predicted,Lake Ontario,43.6,-76.8,2024-07-01,22.954,9.258,24.1,1.697,0.963,8.24,54.86,Fair,Predicted
predicted,Lake Ontario,43.6,-76.5,2024-07-01,22.953,9.256,24.102,1.698,0.964,8.24,54.83,Fair,Predicted
predicted,Lake Ontario,43.6,-76.2,2024-07-01,22.951,9.253,24.105,1.7,0.964,8.24,54.8,Fair,Predicted
predicted,Lake Ontario,43.9,-78.3,2024-07-01,22.861,10.473,22.115,0.741,0.409,8.38,74.85,Fair,Predicted
predicted,Lake Ontario,43.9,-78.0,2024-07-01,22.812,10.208,23.006,0.977,0.55,8.35,66.37,Fair,Predicted
predicted,Lake Ontario,43.9,-77.7,2024-07-01,22.68,9.626,23.491,1.162,0.695,8.29,61.15,Fair,Predicted
predicted,Lake Ontario,43.9,-77.4,2024-07-01,22.965,9.719,23.607,1.292,0.779,8.272,60.2,Fair,Predicted
predicted,Lake Ontario,43.9,-77.1,2024-07-01,22.953,9.237,24.099,1.706,0.972,8.238,54.83,Fair,Predicted
predicted,Lake Ontario,43.9,-76.8,2024-07-01,22.952,9.234,24.102,1.707,0.972,8.238,54.8,Fair,Predicted
predicted,Lake Ontario,43.9,-76.5,2024-07-01,22.95,9.232,24.104,1.708,0.972,8.238,54.78,Fair,Predicted
predicted,Lake Ontario,43.9,-76.2,2024-07-01,22.949,9.231,24.106,1.709,0.973,8.238,54.76,Fair,Predicted
